scans,query,obs.mass,GlycanMass,glycoform.mass,MonoisotopicY1mass,MonoisotopicPeptideMass,scan.time,structure,precursorMZ,exact.mass,charge,peptideSequence,sequence,specificity,analysis,q.value,table2Sequence,n.sequence,title,modification
8248,1,2261.886072,1170,1170.417,1294.53471107,1091.45533807,36.744,(Hex)3 (HexNAc)2 (Deoxyhexose)1 (Pent)1,754.9693,2261.872,3,NQSCPSAESL,NQSCPSAESL,2,glycoMod,0,NQSCPSAESL,nQSCPSAESL,ljz_20131022_MR_Chym1_ELUTE.mzML.binary.sn8248.txt,010000000000
8186,3,2261.883048,1170,1170.417,1294.53471107,1091.45533807,36.5656666666667,(Hex)3 (HexNAc)2 (Deoxyhexose)1 (Pent)1,1131.9488,2261.872,2,NQSCPSAESL,NQSCPSAESL,2,glycoMod,0,NQSCPSAESL,nQSCPSAESL,ljz_20131022_MR_Chym1_ELUTE.mzML.binary.sn8186.txt,010000000000
8313,4,2261.885448,1170,1170.417,1294.53471107,1091.45533807,36.9215,(Hex)3 (HexNAc)2 (Deoxyhexose)1 (Pent)1,1131.95,2261.872,2,NQSCPSAESL,NQSCPSAESL,2,glycoMod,0,NQSCPSAESL,nQSCPSAESL,ljz_20131022_MR_Chym1_ELUTE.mzML.binary.sn8313.txt,010000000000
8234,6,2099.832072,1008,1008.365,1294.53471107,1091.45533807,36.7073333333333,(Hex)2 (HexNAc)2 (Deoxyhexose)1 (Pent)1,700.9513,2099.82,3,NQSCPSAESL,NQSCPSAESL,2,glycoMod,0,NQSCPSAESL,nQSCPSAESL,ljz_20131022_MR_Chym1_ELUTE.mzML.binary.sn8234.txt,010000000000
8331,7,2099.831848,1008,1008.365,1294.53471107,1091.45533807,36.9693333333333,(Hex)2 (HexNAc)2 (Deoxyhexose)1 (Pent)1,1050.9232,2099.82,2,NQSCPSAESL,NQSCPSAESL,2,glycoMod,0,NQSCPSAESL,nQSCPSAESL,ljz_20131022_MR_Chym1_ELUTE.mzML.binary.sn8331.txt,010000000000
8461,9,2099.822448,1008,1008.365,1294.53471107,1091.45533807,37.3466666666667,(Hex)2 (HexNAc)2 (Deoxyhexose)1 (Pent)1,1050.9185,2099.82,2,NQSCPSAESL,NQSCPSAESL,2,glycoMod,0,NQSCPSAESL,nQSCPSAESL,ljz_20131022_MR_Chym1_ELUTE.mzML.binary.sn8461.txt,010000000000
8365,13,2099.832672,1008,1008.365,1294.53471107,1091.45533807,37.0623333333333,(Hex)2 (HexNAc)2 (Deoxyhexose)1 (Pent)1,700.9515,2099.82,3,NQSCPSAESL,NQSCPSAESL,2,glycoMod,0,NQSCPSAESL,nQSCPSAESL,ljz_20131022_MR_Chym1_ELUTE.mzML.binary.sn8365.txt,010000000000
9827,39,2190.028248,1008,1008.365,1384.73104283,1181.65166983,41.5853333333333,(Hex)2 (HexNAc)2 (Deoxyhexose)1 (Pent)1,1096.0214,2190.017,2,ANNSGIAPGLIR,ANNSGIAPGLIR,1,glycoMod,0,ANNSGIAPGLIR,AnNSGIAPGLIR,ljz_20131022_MR_Chym1_ELUTE.mzML.binary.sn9827.txt,00100000000000
9847,49,2190.027672,1008,1008.365,1384.73104283,1181.65166983,41.645,(Hex)2 (HexNAc)2 (Deoxyhexose)1 (Pent)1,731.0165,2190.017,3,ANNSGIAPGLIR,ANNSGIAPGLIR,1,glycoMod,0,ANNSGIAPGLIR,AnNSGIAPGLIR,ljz_20131022_MR_Chym1_ELUTE.mzML.binary.sn9847.txt,00100000000000
9729,52,2409.099672,1227,1227.439,1384.73104283,1181.65166983,41.2808333333333,(HexNAc)3 (Pent)1 (Hex)3,804.0405,2409.091,3,ANNSGIAPGLIR,ANNSGIAPGLIR,1,glycoMod,0,ANNSGIAPGLIR,AnNSGIAPGLIR,ljz_20131022_MR_Chym1_ELUTE.mzML.binary.sn9729.txt,00100000000000
9703,55,2352.078648,1170,1170.417,1384.73104283,1181.65166983,41.2018333333333,(Hex)3 (HexNAc)2 (Deoxyhexose)1 (Pent)1,1177.0466,2352.069,2,ANNSGIAPGLIR,ANNSGIAPGLIR,1,glycoMod,0,ANNSGIAPGLIR,AnNSGIAPGLIR,ljz_20131022_MR_Chym1_ELUTE.mzML.binary.sn9703.txt,00100000000000
9731,60,2190.021672,1008,1008.365,1384.73104283,1181.65166983,41.2858333333333,(Hex)2 (HexNAc)2 (Deoxyhexose)1 (Pent)1,731.0145,2190.017,3,ANNSGIAPGLIR,ANNSGIAPGLIR,1,glycoMod,0,ANNSGIAPGLIR,AnNSGIAPGLIR,ljz_20131022_MR_Chym1_ELUTE.mzML.binary.sn9731.txt,00100000000000
9830,64,2206.021248,1024,1024.36,1384.73104283,1181.65166983,41.5961666666667,(Hex)3 (HexNAc)2 (Pent)1,1104.0179,2206.012,2,ANNSGIAPGLIR,ANNSGIAPGLIR,1,glycoMod,0,ANNSGIAPGLIR,AnNSGIAPGLIR,ljz_20131022_MR_Chym1_ELUTE.mzML.binary.sn9830.txt,00100000000000
9812,67,2352.079248,1170,1170.417,1384.73104283,1181.65166983,41.546,(Hex)3 (HexNAc)2 (Deoxyhexose)1 (Pent)1,1177.0469,2352.069,2,ANNSGIAPGLIR,ANNSGIAPGLIR,1,glycoMod,0,ANNSGIAPGLIR,AnNSGIAPGLIR,ljz_20131022_MR_Chym1_ELUTE.mzML.binary.sn9812.txt,00100000000000
9780,70,2220.024372,1038,1038.375,1384.73104283,1181.65166983,41.4426666666667,(Hex)3 (HexNAc)2 (Deoxyhexose)1,741.0154,2220.027,3,ANNSGIAPGLIR,ANNSGIAPGLIR,1,glycoMod,0,ANNSGIAPGLIR,AnNSGIAPGLIR,ljz_20131022_MR_Chym1_ELUTE.mzML.binary.sn9780.txt,00100000000000
9807,71,2352.078972,1170,1170.417,1384.73104283,1181.65166983,41.5316666666667,(Hex)3 (HexNAc)2 (Deoxyhexose)1 (Pent)1,785.0336,2352.069,3,ANNSGIAPGLIR,ANNSGIAPGLIR,1,glycoMod,0,ANNSGIAPGLIR,AnNSGIAPGLIR,ljz_20131022_MR_Chym1_ELUTE.mzML.binary.sn9807.txt,00100000000000
9698,72,2352.080772,1170,1170.417,1384.73104283,1181.65166983,41.1863333333333,(Hex)3 (HexNAc)2 (Deoxyhexose)1 (Pent)1,785.0342,2352.069,3,ANNSGIAPGLIR,ANNSGIAPGLIR,1,glycoMod,0,ANNSGIAPGLIR,AnNSGIAPGLIR,ljz_20131022_MR_Chym1_ELUTE.mzML.binary.sn9698.txt,00100000000000
9860,75,2206.019772,1024,1024.36,1384.73104283,1181.65166983,41.678,(Hex)3 (HexNAc)2 (Pent)1,736.3472,2206.012,3,ANNSGIAPGLIR,ANNSGIAPGLIR,1,glycoMod,0,ANNSGIAPGLIR,AnNSGIAPGLIR,ljz_20131022_MR_Chym1_ELUTE.mzML.binary.sn9860.txt,00100000000000
9943,76,2352.082648,1170,1170.417,1384.73104283,1181.65166983,41.9085,(Hex)3 (HexNAc)2 (Deoxyhexose)1 (Pent)1,1177.0486,2352.069,2,ANNSGIAPGLIR,ANNSGIAPGLIR,1,glycoMod,0,ANNSGIAPGLIR,AnNSGIAPGLIR,ljz_20131022_MR_Chym1_ELUTE.mzML.binary.sn9943.txt,00100000000000
9932,77,2352.081672,1170,1170.417,1384.73104283,1181.65166983,41.8773333333333,(Hex)3 (HexNAc)2 (Deoxyhexose)1 (Pent)1,785.0345,2352.069,3,ANNSGIAPGLIR,ANNSGIAPGLIR,1,glycoMod,0,ANNSGIAPGLIR,AnNSGIAPGLIR,ljz_20131022_MR_Chym1_ELUTE.mzML.binary.sn9932.txt,00100000000000
11552,98,2431.052172,1170,1170.417,1463.69913358,1260.61976058,46.6395,(Hex)3 (HexNAc)2 (Deoxyhexose)1 (Pent)1,811.358,2431.037,3,TSDQALVTEANL,TSDQALVTEANL,2,glycoMod,0,TSDQALVTEANL,TSDQALVTEAnL,ljz_20131022_MR_Chym1_ELUTE.mzML.binary.sn11552.txt,00000000000000
11539,104,2431.053648,1170,1170.417,1463.69913358,1260.61976058,46.5998333333333,(Hex)3 (HexNAc)2 (Deoxyhexose)1 (Pent)1,1216.5341,2431.037,2,TSDQALVTEANL,TSDQALVTEANL,2,glycoMod,0,TSDQALVTEANL,TSDQALVTEAnL,ljz_20131022_MR_Chym1_ELUTE.mzML.binary.sn11539.txt,00000000000000
5090,107,2539.085296,1186,1186.412,1555.74129022,1352.66191722,26.835,(Hex)4 (HexNAc)2 (Pent)1,635.7786,2539.074,4,RTKCPSNSTRF,RTKCPSNSTRF,2,glycoMod,0,RTKCPSNSTRF,RTKCPSnSTRF,ljz_20131022_MR_Chym1_ELUTE.mzML.binary.sn5090.txt,0000000100000
6485,108,2523.094096,1170,1170.417,1555.74129022,1352.66191722,31.4471666666667,(Hex)3 (HexNAc)2 (Deoxyhexose)1 (Pent)1,631.7808,2523.079,4,RTKCPSNSTRF,RTKCPSNSTRF,2,glycoMod,0,RTKCPSNSTRF,RTKCPSnSTRF,ljz_20131022_MR_Chym1_ELUTE.mzML.binary.sn6485.txt,0000000100000
5691,109,2580.110896,1227,1227.439,1555.74129022,1352.66191722,28.9795,(HexNAc)3 (Pent)1 (Hex)3,646.035,2580.101,4,RTKCPSNSTRF,RTKCPSNSTRF,2,glycoMod,0,RTKCPSNSTRF,RTKCPSnSTRF,ljz_20131022_MR_Chym1_ELUTE.mzML.binary.sn5691.txt,0000000100000
5463,110,2539.076896,1186,1186.412,1555.74129022,1352.66191722,28.2563333333333,(Hex)4 (HexNAc)2 (Pent)1,635.7765,2539.074,4,RTKCPSNSTRF,RTKCPSNSTRF,2,glycoMod,0,RTKCPSNSTRF,RTKCPSnSTRF,ljz_20131022_MR_Chym1_ELUTE.mzML.binary.sn5463.txt,0000000100000
5368,111,2523.092096,1170,1170.417,1555.74129022,1352.66191722,27.9653333333333,(Hex)3 (HexNAc)2 (Deoxyhexose)1 (Pent)1,631.7803,2523.079,4,RTKCPSNSTRF,RTKCPSNSTRF,2,glycoMod,0,RTKCPSNSTRF,RTKCPSnSTRF,ljz_20131022_MR_Chym1_ELUTE.mzML.binary.sn5368.txt,0000000100000
5703,115,2523.092496,1170,1170.417,1555.74129022,1352.66191722,29.0171666666667,(Hex)3 (HexNAc)2 (Deoxyhexose)1 (Pent)1,631.7804,2523.079,4,RTKCPSNSTRF,RTKCPSNSTRF,2,glycoMod,0,RTKCPSNSTRF,RTKCPSnSTRF,ljz_20131022_MR_Chym1_ELUTE.mzML.binary.sn5703.txt,0000000100000
6601,116,2523.093696,1170,1170.417,1555.74129022,1352.66191722,31.789,(Hex)3 (HexNAc)2 (Deoxyhexose)1 (Pent)1,631.7807,2523.079,4,RTKCPSNSTRF,RTKCPSNSTRF,2,glycoMod,0,RTKCPSNSTRF,RTKCPSnSTRF,ljz_20131022_MR_Chym1_ELUTE.mzML.binary.sn6601.txt,0000000100000
5443,122,3050.278096,1697,1697.602,1555.74129022,1352.66191722,28.2085,(Hex)5 (HexNAc)3 (Deoxyhexose)1 (Pent)1,763.5768,3050.264,4,RTKCPSNSTRF,RTKCPSNSTRF,2,glycoMod,0,RTKCPSNSTRF,RTKCPSnSTRF,ljz_20131022_MR_Chym1_ELUTE.mzML.binary.sn5443.txt,0000000100000
6805,124,2523.095696,1170,1170.417,1555.74129022,1352.66191722,32.3748333333333,(Hex)3 (HexNAc)2 (Deoxyhexose)1 (Pent)1,631.7812,2523.079,4,RTKCPSNSTRF,RTKCPSNSTRF,2,glycoMod,0,RTKCPSNSTRF,RTKCPSnSTRF,ljz_20131022_MR_Chym1_ELUTE.mzML.binary.sn6805.txt,0000000100000
5581,125,2523.091696,1170,1170.417,1555.74129022,1352.66191722,28.6486666666667,(Hex)3 (HexNAc)2 (Deoxyhexose)1 (Pent)1,631.7802,2523.079,4,RTKCPSNSTRF,RTKCPSNSTRF,2,glycoMod,0,RTKCPSNSTRF,RTKCPSnSTRF,ljz_20131022_MR_Chym1_ELUTE.mzML.binary.sn5581.txt,0000000100000
5461,126,2361.036496,1008,1008.365,1555.74129022,1352.66191722,28.2538333333333,(Hex)2 (HexNAc)2 (Deoxyhexose)1 (Pent)1,591.2664,2361.027,4,RTKCPSNSTRF,RTKCPSNSTRF,2,glycoMod,0,RTKCPSNSTRF,RTKCPSnSTRF,ljz_20131022_MR_Chym1_ELUTE.mzML.binary.sn5461.txt,0000000100000
5470,128,2580.108096,1227,1227.439,1555.74129022,1352.66191722,28.2753333333333,(HexNAc)3 (Pent)1 (Hex)3,646.0343,2580.101,4,RTKCPSNSTRF,RTKCPSNSTRF,2,glycoMod,0,RTKCPSNSTRF,RTKCPSnSTRF,ljz_20131022_MR_Chym1_ELUTE.mzML.binary.sn5470.txt,0000000100000
5458,132,2742.164496,1389,1389.492,1555.74129022,1352.66191722,28.2486666666667,(Hex)4 (HexNAc)3 (Pent)1,686.5484,2742.154,4,RTKCPSNSTRF,RTKCPSNSTRF,2,glycoMod,0,RTKCPSNSTRF,RTKCPSnSTRF,ljz_20131022_MR_Chym1_ELUTE.mzML.binary.sn5458.txt,0000000100000
5013,134,2539.085696,1186,1186.412,1555.74129022,1352.66191722,26.4996666666667,(Hex)4 (HexNAc)2 (Pent)1,635.7787,2539.074,4,RTKCPSNSTRF,RTKCPSNSTRF,2,glycoMod,0,RTKCPSNSTRF,RTKCPSnSTRF,ljz_20131022_MR_Chym1_ELUTE.mzML.binary.sn5013.txt,0000000100000
5618,135,2523.090372,1170,1170.417,1555.74129022,1352.66191722,28.7495,(Hex)3 (HexNAc)2 (Deoxyhexose)1 (Pent)1,842.0374,2523.079,3,RTKCPSNSTRF,RTKCPSNSTRF,2,glycoMod,0,RTKCPSNSTRF,RTKCPSnSTRF,ljz_20131022_MR_Chym1_ELUTE.mzML.binary.sn5618.txt,0000000100000
5718,136,1758.830896,406,406.159,1555.74129022,1352.66191722,29.0668333333333,(HexNAc)2,440.715,1758.821,4,RTKCPSNSTRF,RTKCPSNSTRF,2,glycoMod,0,RTKCPSNSTRF,RTKCPSnSTRF,ljz_20131022_MR_Chym1_ELUTE.mzML.binary.sn5718.txt,0000000100000
5480,137,2523.101296,1170,1170.417,1555.74129022,1352.66191722,28.3098333333333,(Hex)3 (HexNAc)2 (Deoxyhexose)1 (Pent)1,631.7826,2523.079,4,RTKCPSNSTRF,RTKCPSNSTRF,2,glycoMod,0,RTKCPSNSTRF,RTKCPSnSTRF,ljz_20131022_MR_Chym1_ELUTE.mzML.binary.sn5480.txt,0000000100000
5725,138,2594.103672,1241,1241.455,1555.74129022,1352.66191722,29.085,(HexNAc)3 (Deoxyhexose)1 (Hex)3,865.7085,2594.117,3,RTKCPSNSTRF,RTKCPSNSTRF,2,glycoMod,0,RTKCPSNSTRF,RTKCPSnSTRF,ljz_20131022_MR_Chym1_ELUTE.mzML.binary.sn5725.txt,0000000100000
5672,139,1555.748772,203,203.079,1555.74129022,1352.66191722,28.918,(HexNAc)1,519.5902,1555.741,3,RTKCPSNSTRF,RTKCPSNSTRF,2,glycoMod,0,RTKCPSNSTRF,RTKCPSnSTRF,ljz_20131022_MR_Chym1_ELUTE.mzML.binary.sn5672.txt,0000000100000
5716,140,1758.829872,406,406.159,1555.74129022,1352.66191722,29.0618333333333,(HexNAc)2,587.2839,1758.821,3,RTKCPSNSTRF,RTKCPSNSTRF,2,glycoMod,0,RTKCPSNSTRF,RTKCPSnSTRF,ljz_20131022_MR_Chym1_ELUTE.mzML.binary.sn5716.txt,0000000100000
5459,141,2082.935772,730,730.264,1555.74129022,1352.66191722,28.2513333333333,(Hex)2 (HexNAc)2,695.3192,2082.926,3,RTKCPSNSTRF,RTKCPSNSTRF,2,glycoMod,0,RTKCPSNSTRF,RTKCPSnSTRF,ljz_20131022_MR_Chym1_ELUTE.mzML.binary.sn5459.txt,0000000100000
5464,142,2198.981472,846,846.312,1555.74129022,1352.66191722,28.259,(Hex)1 (HexNAc)2 (Deoxyhexose)1 (Pent)1,734.0011,2198.974,3,RTKCPSNSTRF,RTKCPSNSTRF,2,glycoMod,0,RTKCPSNSTRF,RTKCPSnSTRF,ljz_20131022_MR_Chym1_ELUTE.mzML.binary.sn5464.txt,0000000100000
6360,143,2523.097296,1170,1170.417,1555.74129022,1352.66191722,31.0888333333333,(Hex)3 (HexNAc)2 (Deoxyhexose)1 (Pent)1,631.7816,2523.079,4,RTKCPSNSTRF,RTKCPSNSTRF,2,glycoMod,0,RTKCPSNSTRF,RTKCPSnSTRF,ljz_20131022_MR_Chym1_ELUTE.mzML.binary.sn6360.txt,0000000100000
5485,145,2685.140896,1332,1332.47,1555.74129022,1352.66191722,28.3261666666667,(Hex)4 (HexNAc)2 (Deoxyhexose)1 (Pent)1,672.2925,2685.132,4,RTKCPSNSTRF,RTKCPSNSTRF,2,glycoMod,0,RTKCPSNSTRF,RTKCPSnSTRF,ljz_20131022_MR_Chym1_ELUTE.mzML.binary.sn5485.txt,0000000100000
5454,146,2377.029072,1024,1024.36,1555.74129022,1352.66191722,28.2375,(Hex)3 (HexNAc)2 (Pent)1,793.3503,2377.022,3,RTKCPSNSTRF,RTKCPSNSTRF,2,glycoMod,0,RTKCPSNSTRF,RTKCPSnSTRF,ljz_20131022_MR_Chym1_ELUTE.mzML.binary.sn5454.txt,0000000100000
6105,150,2523.092496,1170,1170.417,1555.74129022,1352.66191722,30.2595,(Hex)3 (HexNAc)2 (Deoxyhexose)1 (Pent)1,631.7804,2523.079,4,RTKCPSNSTRF,RTKCPSNSTRF,2,glycoMod,0,RTKCPSNSTRF,RTKCPSnSTRF,ljz_20131022_MR_Chym1_ELUTE.mzML.binary.sn6105.txt,0000000100000
5575,151,2580.111696,1227,1227.439,1555.74129022,1352.66191722,28.6305,(HexNAc)3 (Pent)1 (Hex)3,646.0352,2580.101,4,RTKCPSNSTRF,RTKCPSNSTRF,2,glycoMod,0,RTKCPSNSTRF,RTKCPSnSTRF,ljz_20131022_MR_Chym1_ELUTE.mzML.binary.sn5575.txt,0000000100000
5473,153,1758.826272,406,406.159,1555.74129022,1352.66191722,28.2843333333333,(HexNAc)2,587.2827,1758.821,3,RTKCPSNSTRF,RTKCPSNSTRF,2,glycoMod,0,RTKCPSNSTRF,RTKCPSnSTRF,ljz_20131022_MR_Chym1_ELUTE.mzML.binary.sn5473.txt,0000000100000
5600,155,2539.087696,1186,1186.412,1555.74129022,1352.66191722,28.7033333333333,(Hex)4 (HexNAc)2 (Pent)1,635.7792,2539.074,4,RTKCPSNSTRF,RTKCPSNSTRF,2,glycoMod,0,RTKCPSNSTRF,RTKCPSnSTRF,ljz_20131022_MR_Chym1_ELUTE.mzML.binary.sn5600.txt,0000000100000
5472,158,2391.045296,1038,1038.375,1555.74129022,1352.66191722,28.2818333333333,(Hex)3 (HexNAc)2 (Deoxyhexose)1,598.7686,2391.037,4,RTKCPSNSTRF,RTKCPSNSTRF,2,glycoMod,0,RTKCPSNSTRF,RTKCPSnSTRF,ljz_20131022_MR_Chym1_ELUTE.mzML.binary.sn5472.txt,0000000100000
4865,160,2539.085296,1186,1186.412,1555.74129022,1352.66191722,25.8076666666667,(Hex)4 (HexNAc)2 (Pent)1,635.7786,2539.074,4,RTKCPSNSTRF,RTKCPSNSTRF,2,glycoMod,0,RTKCPSNSTRF,RTKCPSnSTRF,ljz_20131022_MR_Chym1_ELUTE.mzML.binary.sn4865.txt,0000000100000
6156,162,2523.089172,1170,1170.417,1555.74129022,1352.66191722,30.4435,(Hex)3 (HexNAc)2 (Deoxyhexose)1 (Pent)1,842.037,2523.079,3,RTKCPSNSTRF,RTKCPSNSTRF,2,glycoMod,0,RTKCPSNSTRF,RTKCPSnSTRF,ljz_20131022_MR_Chym1_ELUTE.mzML.binary.sn6156.txt,0000000100000
5782,163,1555.749072,203,203.079,1555.74129022,1352.66191722,29.2618333333333,(HexNAc)1,519.5903,1555.741,3,RTKCPSNSTRF,RTKCPSNSTRF,2,glycoMod,0,RTKCPSNSTRF,RTKCPSnSTRF,ljz_20131022_MR_Chym1_ELUTE.mzML.binary.sn5782.txt,0000000100000
5444,167,2726.170272,1373,1373.497,1555.74129022,1352.66191722,28.2111666666667,(HexNAc)3 (Deoxyhexose)1 (Pent)1 (Hex)3,909.7307,2726.159,3,RTKCPSNSTRF,RTKCPSNSTRF,2,glycoMod,0,RTKCPSNSTRF,RTKCPSnSTRF,ljz_20131022_MR_Chym1_ELUTE.mzML.binary.sn5444.txt,0000000100000
6272,168,2523.095172,1170,1170.417,1555.74129022,1352.66191722,30.821,(Hex)3 (HexNAc)2 (Deoxyhexose)1 (Pent)1,842.039,2523.079,3,RTKCPSNSTRF,RTKCPSNSTRF,2,glycoMod,0,RTKCPSNSTRF,RTKCPSnSTRF,ljz_20131022_MR_Chym1_ELUTE.mzML.binary.sn6272.txt,0000000100000
5445,169,2888.225696,1535,1535.55,1555.74129022,1352.66191722,28.2136666666667,(Hex)4 (HexNAc)3 (Deoxyhexose)1 (Pent)1,723.0637,2888.212,4,RTKCPSNSTRF,RTKCPSNSTRF,2,glycoMod,0,RTKCPSNSTRF,RTKCPSnSTRF,ljz_20131022_MR_Chym1_ELUTE.mzML.binary.sn5445.txt,0000000100000
5602,170,2377.033296,1024,1024.36,1555.74129022,1352.66191722,28.7098333333333,(Hex)3 (HexNAc)2 (Pent)1,595.2656,2377.022,4,RTKCPSNSTRF,RTKCPSNSTRF,2,glycoMod,0,RTKCPSNSTRF,RTKCPSnSTRF,ljz_20131022_MR_Chym1_ELUTE.mzML.binary.sn5602.txt,0000000100000
5455,171,2391.045672,1038,1038.375,1555.74129022,1352.66191722,28.2396666666667,(Hex)3 (HexNAc)2 (Deoxyhexose)1,798.0225,2391.037,3,RTKCPSNSTRF,RTKCPSNSTRF,2,glycoMod,0,RTKCPSNSTRF,RTKCPSnSTRF,ljz_20131022_MR_Chym1_ELUTE.mzML.binary.sn5455.txt,0000000100000
5571,173,2198.982972,846,846.312,1555.74129022,1352.66191722,28.6201666666667,(Hex)1 (HexNAc)2 (Deoxyhexose)1 (Pent)1,734.0016,2198.974,3,RTKCPSNSTRF,RTKCPSNSTRF,2,glycoMod,0,RTKCPSNSTRF,RTKCPSnSTRF,ljz_20131022_MR_Chym1_ELUTE.mzML.binary.sn5571.txt,0000000100000
5898,174,2523.088272,1170,1170.417,1555.74129022,1352.66191722,29.6375,(Hex)3 (HexNAc)2 (Deoxyhexose)1 (Pent)1,842.0367,2523.079,3,RTKCPSNSTRF,RTKCPSNSTRF,2,glycoMod,0,RTKCPSNSTRF,RTKCPSnSTRF,ljz_20131022_MR_Chym1_ELUTE.mzML.binary.sn5898.txt,0000000100000
5591,178,2539.086372,1186,1186.412,1555.74129022,1352.66191722,28.6758333333333,(Hex)4 (HexNAc)2 (Pent)1,847.3694,2539.074,3,RTKCPSNSTRF,RTKCPSNSTRF,2,glycoMod,0,RTKCPSNSTRF,RTKCPSnSTRF,ljz_20131022_MR_Chym1_ELUTE.mzML.binary.sn5591.txt,0000000100000
5457,180,2214.978372,862,862.307,1555.74129022,1352.66191722,28.2461666666667,(Hex)2 (HexNAc)2 (Pent)1,739.3334,2214.969,3,RTKCPSNSTRF,RTKCPSNSTRF,2,glycoMod,0,RTKCPSNSTRF,RTKCPSnSTRF,ljz_20131022_MR_Chym1_ELUTE.mzML.binary.sn5457.txt,0000000100000
6200,188,2523.094496,1170,1170.417,1555.74129022,1352.66191722,30.6058333333333,(Hex)3 (HexNAc)2 (Deoxyhexose)1 (Pent)1,631.7809,2523.079,4,RTKCPSNSTRF,RTKCPSNSTRF,2,glycoMod,0,RTKCPSNSTRF,RTKCPSnSTRF,ljz_20131022_MR_Chym1_ELUTE.mzML.binary.sn6200.txt,0000000100000
5305,192,2701.139296,1348,1348.465,1555.74129022,1352.66191722,27.7318333333333,(Hex)5 (Pent)1 (HexNAc)2,676.2921,2701.127,4,RTKCPSNSTRF,RTKCPSNSTRF,2,glycoMod,0,RTKCPSNSTRF,RTKCPSnSTRF,ljz_20131022_MR_Chym1_ELUTE.mzML.binary.sn5305.txt,0000000100000
5341,194,2539.086096,1186,1186.412,1555.74129022,1352.66191722,27.8758333333333,(Hex)4 (HexNAc)2 (Pent)1,635.7788,2539.074,4,RTKCPSNSTRF,RTKCPSNSTRF,2,glycoMod,0,RTKCPSNSTRF,RTKCPSnSTRF,ljz_20131022_MR_Chym1_ELUTE.mzML.binary.sn5341.txt,0000000100000
5511,197,2228.983296,876,876.322,1555.74129022,1352.66191722,28.4188333333333,(Hex)2 (HexNAc)2 (Deoxyhexose)1,558.2531,2228.984,4,RTKCPSNSTRF,RTKCPSNSTRF,2,glycoMod,0,RTKCPSNSTRF,RTKCPSnSTRF,ljz_20131022_MR_Chym1_ELUTE.mzML.binary.sn5511.txt,0000000100000
5376,200,2539.084572,1186,1186.412,1555.74129022,1352.66191722,27.9921666666667,(Hex)4 (HexNAc)2 (Pent)1,847.3688,2539.074,3,RTKCPSNSTRF,RTKCPSNSTRF,2,glycoMod,0,RTKCPSNSTRF,RTKCPSnSTRF,ljz_20131022_MR_Chym1_ELUTE.mzML.binary.sn5376.txt,0000000100000
5560,206,2391.046572,1038,1038.375,1555.74129022,1352.66191722,28.5935,(Hex)3 (HexNAc)2 (Deoxyhexose)1,798.0228,2391.037,3,RTKCPSNSTRF,RTKCPSNSTRF,2,glycoMod,0,RTKCPSNSTRF,RTKCPSnSTRF,ljz_20131022_MR_Chym1_ELUTE.mzML.binary.sn5560.txt,0000000100000
5566,207,2361.036896,1008,1008.365,1555.74129022,1352.66191722,28.609,(Hex)2 (HexNAc)2 (Deoxyhexose)1 (Pent)1,591.2665,2361.027,4,RTKCPSNSTRF,RTKCPSNSTRF,2,glycoMod,0,RTKCPSNSTRF,RTKCPSnSTRF,ljz_20131022_MR_Chym1_ELUTE.mzML.binary.sn5566.txt,0000000100000
5597,208,2685.151696,1332,1332.47,1555.74129022,1352.66191722,28.6956666666667,(Hex)4 (HexNAc)2 (Deoxyhexose)1 (Pent)1,672.2952,2685.132,4,RTKCPSNSTRF,RTKCPSNSTRF,2,glycoMod,0,RTKCPSNSTRF,RTKCPSnSTRF,ljz_20131022_MR_Chym1_ELUTE.mzML.binary.sn5597.txt,0000000100000
5608,212,1758.827772,406,406.159,1555.74129022,1352.66191722,28.7255,(HexNAc)2,587.2832,1758.821,3,RTKCPSNSTRF,RTKCPSNSTRF,2,glycoMod,0,RTKCPSNSTRF,RTKCPSnSTRF,ljz_20131022_MR_Chym1_ELUTE.mzML.binary.sn5608.txt,0000000100000
5815,216,2523.091296,1170,1170.417,1555.74129022,1352.66191722,29.3616666666667,(Hex)3 (HexNAc)2 (Deoxyhexose)1 (Pent)1,631.7801,2523.079,4,RTKCPSNSTRF,RTKCPSNSTRF,2,glycoMod,0,RTKCPSNSTRF,RTKCPSnSTRF,ljz_20131022_MR_Chym1_ELUTE.mzML.binary.sn5815.txt,0000000100000
5635,221,2361.038172,1008,1008.365,1555.74129022,1352.66191722,28.8005,(Hex)2 (HexNAc)2 (Deoxyhexose)1 (Pent)1,788.02,2361.027,3,RTKCPSNSTRF,RTKCPSNSTRF,2,glycoMod,0,RTKCPSNSTRF,RTKCPSnSTRF,ljz_20131022_MR_Chym1_ELUTE.mzML.binary.sn5635.txt,0000000100000
5425,226,2904.222896,1551,1551.545,1555.74129022,1352.66191722,28.1543333333333,(Hex)5 (HexNAc)3 (Pent)1,727.063,2904.207,4,RTKCPSNSTRF,RTKCPSNSTRF,2,glycoMod,0,RTKCPSNSTRF,RTKCPSnSTRF,ljz_20131022_MR_Chym1_ELUTE.mzML.binary.sn5425.txt,0000000100000
5497,227,2377.033696,1024,1024.36,1555.74129022,1352.66191722,28.368,(Hex)3 (HexNAc)2 (Pent)1,595.2657,2377.022,4,RTKCPSNSTRF,RTKCPSNSTRF,2,glycoMod,0,RTKCPSNSTRF,RTKCPSnSTRF,ljz_20131022_MR_Chym1_ELUTE.mzML.binary.sn5497.txt,0000000100000
5397,231,2523.090672,1170,1170.417,1555.74129022,1352.66191722,28.0631666666667,(Hex)3 (HexNAc)2 (Deoxyhexose)1 (Pent)1,842.0375,2523.079,3,RTKCPSNSTRF,RTKCPSNSTRF,2,glycoMod,0,RTKCPSNSTRF,RTKCPSnSTRF,ljz_20131022_MR_Chym1_ELUTE.mzML.binary.sn5397.txt,0000000100000
5539,234,2066.939472,714,714.27,1555.74129022,1352.66191722,28.5255,(Hex)1 (HexNAc)2 (Deoxyhexose)1,689.9871,2066.932,3,RTKCPSNSTRF,RTKCPSNSTRF,2,glycoMod,0,RTKCPSNSTRF,RTKCPSnSTRF,ljz_20131022_MR_Chym1_ELUTE.mzML.binary.sn5539.txt,0000000100000
5436,237,2066.940072,714,714.27,1555.74129022,1352.66191722,28.1856666666667,(Hex)1 (HexNAc)2 (Deoxyhexose)1,689.9873,2066.932,3,RTKCPSNSTRF,RTKCPSNSTRF,2,glycoMod,0,RTKCPSNSTRF,RTKCPSnSTRF,ljz_20131022_MR_Chym1_ELUTE.mzML.binary.sn5436.txt,0000000100000
5522,238,2361.034872,1008,1008.365,1555.74129022,1352.66191722,28.4631666666667,(Hex)2 (HexNAc)2 (Deoxyhexose)1 (Pent)1,788.0189,2361.027,3,RTKCPSNSTRF,RTKCPSNSTRF,2,glycoMod,0,RTKCPSNSTRF,RTKCPSnSTRF,ljz_20131022_MR_Chym1_ELUTE.mzML.binary.sn5522.txt,0000000100000
5442,239,2726.173296,1373,1373.497,1555.74129022,1352.66191722,28.206,(HexNAc)3 (Deoxyhexose)1 (Pent)1 (Hex)3,682.5506,2726.159,4,RTKCPSNSTRF,RTKCPSNSTRF,2,glycoMod,0,RTKCPSNSTRF,RTKCPSnSTRF,ljz_20131022_MR_Chym1_ELUTE.mzML.binary.sn5442.txt,0000000100000
5510,245,2244.987672,892,892.317,1555.74129022,1352.66191722,28.4151666666667,(Hex)3 (HexNAc)2,749.3365,2244.979,3,RTKCPSNSTRF,RTKCPSNSTRF,2,glycoMod,0,RTKCPSNSTRF,RTKCPSnSTRF,ljz_20131022_MR_Chym1_ELUTE.mzML.binary.sn5510.txt,0000000100000
5532,246,2228.991672,876,876.322,1555.74129022,1352.66191722,28.4986666666667,(Hex)2 (HexNAc)2 (Deoxyhexose)1,744.0045,2228.984,3,RTKCPSNSTRF,RTKCPSNSTRF,2,glycoMod,0,RTKCPSNSTRF,RTKCPSnSTRF,ljz_20131022_MR_Chym1_ELUTE.mzML.binary.sn5532.txt,0000000100000
5549,247,2726.172096,1373,1373.497,1555.74129022,1352.66191722,28.5561666666667,(HexNAc)3 (Deoxyhexose)1 (Pent)1 (Hex)3,682.5503,2726.159,4,RTKCPSNSTRF,RTKCPSNSTRF,2,glycoMod,0,RTKCPSNSTRF,RTKCPSnSTRF,ljz_20131022_MR_Chym1_ELUTE.mzML.binary.sn5549.txt,0000000100000
5561,248,2214.977772,862,862.307,1555.74129022,1352.66191722,28.596,(Hex)2 (HexNAc)2 (Pent)1,739.3332,2214.969,3,RTKCPSNSTRF,RTKCPSNSTRF,2,glycoMod,0,RTKCPSNSTRF,RTKCPSnSTRF,ljz_20131022_MR_Chym1_ELUTE.mzML.binary.sn5561.txt,0000000100000
11448,260,2532.111072,1170,1170.417,1564.76543901,1361.68606601,46.3295,(Hex)3 (HexNAc)2 (Deoxyhexose)1 (Pent)1,845.0443,2532.103,3,AGKNLTADEMVTL,AGKNLTADEMVTL,2,glycoMod,0,AGKNLTADEMVTL,AGKnLTADEMVTL,ljz_20131022_MR_Chym1_ELUTE.mzML.binary.sn11448.txt,000010000000000
11613,261,2532.118872,1170,1170.417,1564.76543901,1361.68606601,46.8128333333333,(Hex)3 (HexNAc)2 (Deoxyhexose)1 (Pent)1,845.0469,2532.103,3,AGKNLTADEMVTL,AGKNLTADEMVTL,2,glycoMod,0,AGKNLTADEMVTL,AGKnLTADEMVTL,ljz_20131022_MR_Chym1_ELUTE.mzML.binary.sn11613.txt,000010000000000
10267,277,2548.113048,1186,1186.412,1564.76543901,1361.68606601,42.7926666666667,(Hex)4 (HexNAc)2 (Pent)1,1275.0638,2548.098,2,AGKNLTADEMVTL,AGKNLTADEMVTL,2,glycoMod,0,AGKNLTADEMVTL,AGKnLTADEMVTL,ljz_20131022_MR_Chym1_ELUTE.mzML.binary.sn10267.txt,000010000000000
11245,284,2548.107072,1186,1186.412,1564.76543901,1361.68606601,45.7613333333333,(Hex)4 (HexNAc)2 (Pent)1,850.3763,2548.098,3,AGKNLTADEMVTL,AGKNLTADEMVTL,2,glycoMod,0,AGKNLTADEMVTL,AGKnLTADEMVTL,ljz_20131022_MR_Chym1_ELUTE.mzML.binary.sn11245.txt,000010000000000
11399,285,2532.114848,1170,1170.417,1564.76543901,1361.68606601,46.1831666666667,(Hex)3 (HexNAc)2 (Deoxyhexose)1 (Pent)1,1267.0647,2532.103,2,AGKNLTADEMVTL,AGKNLTADEMVTL,2,glycoMod,0,AGKNLTADEMVTL,AGKnLTADEMVTL,ljz_20131022_MR_Chym1_ELUTE.mzML.binary.sn11399.txt,000010000000000
11512,288,2532.116648,1170,1170.417,1564.76543901,1361.68606601,46.524,(Hex)3 (HexNAc)2 (Deoxyhexose)1 (Pent)1,1267.0656,2532.103,2,AGKNLTADEMVTL,AGKNLTADEMVTL,2,glycoMod,0,AGKNLTADEMVTL,AGKnLTADEMVTL,ljz_20131022_MR_Chym1_ELUTE.mzML.binary.sn11512.txt,000010000000000
12894,306,2557.148048,1170,1170.417,1589.79370267,1386.71432967,50.9986666666667,(Hex)3 (HexNAc)2 (Deoxyhexose)1 (Pent)1,1279.5813,2557.131,2,TNIPAPTFNATQL,TNIPAPTFNATQL,2,glycoMod,0,TNIPAPTFNATQL,TNIPAPTFnATQL,ljz_20131022_MR_Chym1_ELUTE.mzML.binary.sn12894.txt,000000000100000
12991,307,2557.147048,1170,1170.417,1589.79370267,1386.71432967,51.3523333333333,(Hex)3 (HexNAc)2 (Deoxyhexose)1 (Pent)1,1279.5808,2557.131,2,TNIPAPTFNATQL,TNIPAPTFNATQL,2,glycoMod,0,TNIPAPTFNATQL,TNIPAPTFnATQL,ljz_20131022_MR_Chym1_ELUTE.mzML.binary.sn12991.txt,000000000100000
12893,308,2557.145472,1170,1170.417,1589.79370267,1386.71432967,50.996,(Hex)3 (HexNAc)2 (Deoxyhexose)1 (Pent)1,853.3891,2557.131,3,TNIPAPTFNATQL,TNIPAPTFNATQL,2,glycoMod,0,TNIPAPTFNATQL,TNIPAPTFnATQL,ljz_20131022_MR_Chym1_ELUTE.mzML.binary.sn12893.txt,000000000100000
12987,311,2557.146072,1170,1170.417,1589.79370267,1386.71432967,51.3351666666667,(Hex)3 (HexNAc)2 (Deoxyhexose)1 (Pent)1,853.3893,2557.131,3,TNIPAPTFNATQL,TNIPAPTFNATQL,2,glycoMod,0,TNIPAPTFNATQL,TNIPAPTFnATQL,ljz_20131022_MR_Chym1_ELUTE.mzML.binary.sn12987.txt,000000000100000
10254,314,2620.152972,1227,1227.439,1595.77911524,1392.69974224,42.7563333333333,(HexNAc)3 (Pent)1 (Hex)3,874.3916,2620.139,3,AARDSAALAGNITY,AARDSAALAGNITY,2,glycoMod,0,AARDSAALAGNITY,AARDSAALAGnITY,ljz_20131022_MR_Chym1_ELUTE.mzML.binary.sn10254.txt,0000000000010000
10256,315,2563.128248,1170,1170.417,1595.77911524,1392.69974224,42.7628333333333,(Hex)3 (HexNAc)2 (Deoxyhexose)1 (Pent)1,1282.5714,2563.117,2,AARDSAALAGNITY,AARDSAALAGNITY,2,glycoMod,0,AARDSAALAGNITY,AARDSAALAGnITY,ljz_20131022_MR_Chym1_ELUTE.mzML.binary.sn10256.txt,0000000000010000
10327,316,2563.128672,1170,1170.417,1595.77911524,1392.69974224,42.9716666666667,(Hex)3 (HexNAc)2 (Deoxyhexose)1 (Pent)1,855.3835,2563.117,3,AARDSAALAGNITY,AARDSAALAGNITY,2,glycoMod,0,AARDSAALAGNITY,AARDSAALAGnITY,ljz_20131022_MR_Chym1_ELUTE.mzML.binary.sn10327.txt,0000000000010000
10373,317,2563.128648,1170,1170.417,1595.77911524,1392.69974224,43.104,(Hex)3 (HexNAc)2 (Deoxyhexose)1 (Pent)1,1282.5716,2563.117,2,AARDSAALAGNITY,AARDSAALAGNITY,2,glycoMod,0,AARDSAALAGNITY,AARDSAALAGnITY,ljz_20131022_MR_Chym1_ELUTE.mzML.binary.sn10373.txt,0000000000010000
10378,318,2401.054048,1008,1008.365,1595.77911524,1392.69974224,43.1183333333333,(Hex)2 (HexNAc)2 (Deoxyhexose)1 (Pent)1,1201.5343,2401.065,2,AARDSAALAGNITY,AARDSAALAGNITY,2,glycoMod,0,AARDSAALAGNITY,AARDSAALAGnITY,ljz_20131022_MR_Chym1_ELUTE.mzML.binary.sn10378.txt,0000000000010000
10442,319,2563.128072,1170,1170.417,1595.77911524,1392.69974224,43.322,(Hex)3 (HexNAc)2 (Deoxyhexose)1 (Pent)1,855.3833,2563.117,3,AARDSAALAGNITY,AARDSAALAGNITY,2,glycoMod,0,AARDSAALAGNITY,AARDSAALAGnITY,ljz_20131022_MR_Chym1_ELUTE.mzML.binary.sn10442.txt,0000000000010000
10546,320,2563.132272,1170,1170.417,1595.77911524,1392.69974224,43.6753333333333,(Hex)3 (HexNAc)2 (Deoxyhexose)1 (Pent)1,855.3847,2563.117,3,AARDSAALAGNITY,AARDSAALAGNITY,2,glycoMod,0,AARDSAALAGNITY,AARDSAALAGnITY,ljz_20131022_MR_Chym1_ELUTE.mzML.binary.sn10546.txt,0000000000010000
10654,321,2563.131448,1170,1170.417,1595.77911524,1392.69974224,43.9861666666667,(Hex)3 (HexNAc)2 (Deoxyhexose)1 (Pent)1,1282.573,2563.117,2,AARDSAALAGNITY,AARDSAALAGNITY,2,glycoMod,0,AARDSAALAGNITY,AARDSAALAGnITY,ljz_20131022_MR_Chym1_ELUTE.mzML.binary.sn10654.txt,0000000000010000
10671,322,2563.129872,1170,1170.417,1595.77911524,1392.69974224,44.04,(Hex)3 (HexNAc)2 (Deoxyhexose)1 (Pent)1,855.3839,2563.117,3,AARDSAALAGNITY,AARDSAALAGNITY,2,glycoMod,0,AARDSAALAGNITY,AARDSAALAGnITY,ljz_20131022_MR_Chym1_ELUTE.mzML.binary.sn10671.txt,0000000000010000
10782,323,2563.130448,1170,1170.417,1595.77911524,1392.69974224,44.3498333333333,(Hex)3 (HexNAc)2 (Deoxyhexose)1 (Pent)1,1282.5725,2563.117,2,AARDSAALAGNITY,AARDSAALAGNITY,2,glycoMod,0,AARDSAALAGNITY,AARDSAALAGnITY,ljz_20131022_MR_Chym1_ELUTE.mzML.binary.sn10782.txt,0000000000010000
10916,333,2563.137972,1170,1170.417,1595.77911524,1392.69974224,44.7716666666667,(Hex)3 (HexNAc)2 (Deoxyhexose)1 (Pent)1,855.3866,2563.117,3,AARDSAALAGNITY,AARDSAALAGNITY,2,glycoMod,0,AARDSAALAGNITY,AARDSAALAGnITY,ljz_20131022_MR_Chym1_ELUTE.mzML.binary.sn10916.txt,0000000000010000
8830,335,2823.249072,1430,1430.518,1595.77911524,1392.69974224,38.4681666666667,(HexNAc)4 (Pent)1 (Hex)3,942.0903,2823.218,3,AARDSAALAGNITY,AARDSAALAGNITY,2,glycoMod,0,AARDSAALAGNITY,AARDSAALAGnITY,ljz_20131022_MR_Chym1_ELUTE.mzML.binary.sn8830.txt,0000000000010000
8989,336,2604.123072,1211,1211.444,1595.77911524,1392.69974224,38.9798333333333,(Hex)2 (HexNAc)3 (Deoxyhexose)1 (Pent)1,869.0483,2604.144,3,AARDSAALAGNITY,AARDSAALAGNITY,2,glycoMod,0,AARDSAALAGNITY,AARDSAALAGnITY,ljz_20131022_MR_Chym1_ELUTE.mzML.binary.sn8989.txt,0000000000010000
11333,338,2563.117048,1170,1170.417,1595.77911524,1392.69974224,46.0023333333333,(Hex)3 (HexNAc)2 (Deoxyhexose)1 (Pent)1,1282.5658,2563.117,2,AARDSAALAGNITY,AARDSAALAGNITY,2,glycoMod,0,AARDSAALAGNITY,AARDSAALAGnITY,ljz_20131022_MR_Chym1_ELUTE.mzML.binary.sn11333.txt,0000000000010000
9809,343,2563.131072,1170,1170.417,1595.77911524,1392.69974224,41.537,(Hex)3 (HexNAc)2 (Deoxyhexose)1 (Pent)1,855.3843,2563.117,3,AARDSAALAGNITY,AARDSAALAGNITY,2,glycoMod,0,AARDSAALAGNITY,AARDSAALAGnITY,ljz_20131022_MR_Chym1_ELUTE.mzML.binary.sn9809.txt,0000000000010000
9822,344,2563.133048,1170,1170.417,1595.77911524,1392.69974224,41.5728333333333,(Hex)3 (HexNAc)2 (Deoxyhexose)1 (Pent)1,1282.5738,2563.117,2,AARDSAALAGNITY,AARDSAALAGNITY,2,glycoMod,0,AARDSAALAGNITY,AARDSAALAGnITY,ljz_20131022_MR_Chym1_ELUTE.mzML.binary.sn9822.txt,0000000000010000
9970,346,3585.516372,2192,2192.798,1595.77911524,1392.69974224,41.9776666666667,(Hex)5 (HexNAc)4 (Deoxyhexose)3 (Pent)1,1196.1794,3585.498,3,AARDSAALAGNITY,AARDSAALAGNITY,2,glycoMod,0,AARDSAALAGNITY,AARDSAALAGnITY,ljz_20131022_MR_Chym1_ELUTE.mzML.binary.sn9970.txt,0000000000010000
10137,349,2563.126248,1170,1170.417,1595.77911524,1392.69974224,42.4196666666667,(Hex)3 (HexNAc)2 (Deoxyhexose)1 (Pent)1,1282.5704,2563.117,2,AARDSAALAGNITY,AARDSAALAGNITY,2,glycoMod,0,AARDSAALAGNITY,AARDSAALAGnITY,ljz_20131022_MR_Chym1_ELUTE.mzML.binary.sn10137.txt,0000000000010000
10203,352,2563.128372,1170,1170.417,1595.77911524,1392.69974224,42.6225,(Hex)3 (HexNAc)2 (Deoxyhexose)1 (Pent)1,855.3834,2563.117,3,AARDSAALAGNITY,AARDSAALAGNITY,2,glycoMod,0,AARDSAALAGNITY,AARDSAALAGnITY,ljz_20131022_MR_Chym1_ELUTE.mzML.binary.sn10203.txt,0000000000010000
10808,353,2563.129272,1170,1170.417,1595.77911524,1392.69974224,44.4183333333333,(Hex)3 (HexNAc)2 (Deoxyhexose)1 (Pent)1,855.3837,2563.117,3,AARDSAALAGNITY,AARDSAALAGNITY,2,glycoMod,0,AARDSAALAGNITY,AARDSAALAGnITY,ljz_20131022_MR_Chym1_ELUTE.mzML.binary.sn10808.txt,0000000000010000
10207,354,2969.285772,1576,1576.576,1595.77911524,1392.69974224,42.6326666666667,(HexNAc)4 (Deoxyhexose)1 (Pent)1 (Hex)3,990.7692,2969.276,3,AARDSAALAGNITY,AARDSAALAGNITY,2,glycoMod,0,AARDSAALAGNITY,AARDSAALAGnITY,ljz_20131022_MR_Chym1_ELUTE.mzML.binary.sn10207.txt,0000000000010000
10225,355,2725.186272,1332,1332.47,1595.77911524,1392.69974224,42.6776666666667,(Hex)4 (HexNAc)2 (Deoxyhexose)1 (Pent)1,909.4027,2725.17,3,AARDSAALAGNITY,AARDSAALAGNITY,2,glycoMod,0,AARDSAALAGNITY,AARDSAALAGnITY,ljz_20131022_MR_Chym1_ELUTE.mzML.binary.sn10225.txt,0000000000010000
10263,356,2620.152848,1227,1227.439,1595.77911524,1392.69974224,42.781,(HexNAc)3 (Pent)1 (Hex)3,1311.0837,2620.139,2,AARDSAALAGNITY,AARDSAALAGNITY,2,glycoMod,0,AARDSAALAGNITY,AARDSAALAGnITY,ljz_20131022_MR_Chym1_ELUTE.mzML.binary.sn10263.txt,0000000000010000
10285,357,2401.075872,1008,1008.365,1595.77911524,1392.69974224,42.8503333333333,(Hex)2 (HexNAc)2 (Deoxyhexose)1 (Pent)1,801.3659,2401.065,3,AARDSAALAGNITY,AARDSAALAGNITY,2,glycoMod,0,AARDSAALAGNITY,AARDSAALAGnITY,ljz_20131022_MR_Chym1_ELUTE.mzML.binary.sn10285.txt,0000000000010000
10314,358,2417.057172,1024,1024.36,1595.77911524,1392.69974224,42.9331666666667,(Hex)3 (HexNAc)2 (Pent)1,806.693,2417.06,3,AARDSAALAGNITY,AARDSAALAGNITY,2,glycoMod,0,AARDSAALAGNITY,AARDSAALAGnITY,ljz_20131022_MR_Chym1_ELUTE.mzML.binary.sn10314.txt,0000000000010000
11012,360,2563.132648,1170,1170.417,1595.77911524,1392.69974224,45.0505,(Hex)3 (HexNAc)2 (Deoxyhexose)1 (Pent)1,1282.5736,2563.117,2,AARDSAALAGNITY,AARDSAALAGNITY,2,glycoMod,0,AARDSAALAGNITY,AARDSAALAGnITY,ljz_20131022_MR_Chym1_ELUTE.mzML.binary.sn11012.txt,0000000000010000
11034,361,2563.134372,1170,1170.417,1595.77911524,1392.69974224,45.1143333333333,(Hex)3 (HexNAc)2 (Deoxyhexose)1 (Pent)1,855.3854,2563.117,3,AARDSAALAGNITY,AARDSAALAGNITY,2,glycoMod,0,AARDSAALAGNITY,AARDSAALAGnITY,ljz_20131022_MR_Chym1_ELUTE.mzML.binary.sn11034.txt,0000000000010000
10480,362,2563.127048,1170,1170.417,1595.77911524,1392.69974224,43.4548333333333,(Hex)3 (HexNAc)2 (Deoxyhexose)1 (Pent)1,1282.5708,2563.117,2,AARDSAALAGNITY,AARDSAALAGNITY,2,glycoMod,0,AARDSAALAGNITY,AARDSAALAGnITY,ljz_20131022_MR_Chym1_ELUTE.mzML.binary.sn10480.txt,0000000000010000
10580,363,2579.105172,1186,1186.412,1595.77911524,1392.69974224,43.775,(Hex)4 (HexNAc)2 (Pent)1,860.709,2579.112,3,AARDSAALAGNITY,AARDSAALAGNITY,2,glycoMod,0,AARDSAALAGNITY,AARDSAALAGnITY,ljz_20131022_MR_Chym1_ELUTE.mzML.binary.sn10580.txt,0000000000010000
11161,365,2563.128372,1170,1170.417,1595.77911524,1392.69974224,45.501,(Hex)3 (HexNAc)2 (Deoxyhexose)1 (Pent)1,855.3834,2563.117,3,AARDSAALAGNITY,AARDSAALAGNITY,2,glycoMod,0,AARDSAALAGNITY,AARDSAALAGnITY,ljz_20131022_MR_Chym1_ELUTE.mzML.binary.sn11161.txt,0000000000010000
10707,366,2579.101572,1186,1186.412,1595.77911524,1392.69974224,44.1388333333333,(Hex)4 (HexNAc)2 (Pent)1,860.7078,2579.112,3,AARDSAALAGNITY,AARDSAALAGNITY,2,glycoMod,0,AARDSAALAGNITY,AARDSAALAGnITY,ljz_20131022_MR_Chym1_ELUTE.mzML.binary.sn10707.txt,0000000000010000
10892,368,2563.134848,1170,1170.417,1595.77911524,1392.69974224,44.7013333333333,(Hex)3 (HexNAc)2 (Deoxyhexose)1 (Pent)1,1282.5747,2563.117,2,AARDSAALAGNITY,AARDSAALAGNITY,2,glycoMod,0,AARDSAALAGNITY,AARDSAALAGnITY,ljz_20131022_MR_Chym1_ELUTE.mzML.binary.sn10892.txt,0000000000010000
11132,370,2563.123848,1170,1170.417,1595.77911524,1392.69974224,45.4056666666667,(Hex)3 (HexNAc)2 (Deoxyhexose)1 (Pent)1,1282.5692,2563.117,2,AARDSAALAGNITY,AARDSAALAGNITY,2,glycoMod,0,AARDSAALAGNITY,AARDSAALAGnITY,ljz_20131022_MR_Chym1_ELUTE.mzML.binary.sn11132.txt,0000000000010000
10598,377,2644.155848,1170,1170.417,1676.80057896,1473.72120596,43.8241666666667,(Hex)3 (HexNAc)2 (Deoxyhexose)1 (Pent)1,1323.0852,2644.138,2,SAAVKNNADNLTAW,SAAVKNNADNLTAW,2,glycoMod,0,SAAVKNNADNLTAW,SAAVKNNADnLTAW,ljz_20131022_MR_Chym1_ELUTE.mzML.binary.sn10598.txt,0000000000100000
10581,378,2644.154772,1170,1170.417,1676.80057896,1473.72120596,43.7775,(Hex)3 (HexNAc)2 (Deoxyhexose)1 (Pent)1,882.3922,2644.138,3,SAAVKNNADNLTAW,SAAVKNNADNLTAW,2,glycoMod,0,SAAVKNNADNLTAW,SAAVKNNADnLTAW,ljz_20131022_MR_Chym1_ELUTE.mzML.binary.sn10581.txt,0000000000100000
10705,384,2644.154472,1170,1170.417,1676.80057896,1473.72120596,44.135,(Hex)3 (HexNAc)2 (Deoxyhexose)1 (Pent)1,882.3921,2644.138,3,SAAVKNNADNLTAW,SAAVKNNADNLTAW,2,glycoMod,0,SAAVKNNADNLTAW,SAAVKNNADnLTAW,ljz_20131022_MR_Chym1_ELUTE.mzML.binary.sn10705.txt,0000000000100000
9275,385,2660.149572,1186,1186.412,1676.80057896,1473.72120596,39.8766666666667,(Hex)4 (HexNAc)2 (Pent)1,887.7238,2660.133,3,SAAVKNNADNLTAW,SAAVKNNADNLTAW,2,glycoMod,0,SAAVKNNADNLTAW,SAAVKNNADnLTAW,ljz_20131022_MR_Chym1_ELUTE.mzML.binary.sn9275.txt,0000000000100000
10721,390,2644.158448,1170,1170.417,1676.80057896,1473.72120596,44.177,(Hex)3 (HexNAc)2 (Deoxyhexose)1 (Pent)1,1323.0865,2644.138,2,SAAVKNNADNLTAW,SAAVKNNADNLTAW,2,glycoMod,0,SAAVKNNADNLTAW,SAAVKNNADnLTAW,ljz_20131022_MR_Chym1_ELUTE.mzML.binary.sn10721.txt,0000000000100000
11391,397,2916.206472,1170,1170.417,1948.85379632,1745.77442332,46.1628333333333,(Hex)3 (HexNAc)2 (Deoxyhexose)1 (Pent)1,973.0761,2916.191,3,NFSNTSQVDPTLSSSY,NFSNTSQVDPTLSSSY,2,glycoMod,0,NFSNTSQVDPTLSSSY,nFSnTSQVDPTLSSSY,ljz_20131022_MR_Chym1_ELUTE.mzML.binary.sn11391.txt,010010000000000000
11191,399,3119.286072,1373,1373.497,1948.85379632,1745.77442332,45.6016666666667,(HexNAc)3 (Deoxyhexose)1 (Pent)1 (Hex)3,1040.7693,3119.271,3,NFSNTSQVDPTLSSSY,NFSNTSQVDPTLSSSY,2,glycoMod,0,NFSNTSQVDPTLSSSY,nFSnTSQVDPTLSSSY,ljz_20131022_MR_Chym1_ELUTE.mzML.binary.sn11191.txt,010010000000000000
9687,401,3025.388248,1170,1170.417,2058.03416073,1854.95478773,41.153,(Hex)3 (HexNAc)2 (Deoxyhexose)1 (Pent)1,1513.7014,3025.372,2,QVPSGRRDGNVSLASEAL,QVPSGRRDGNVSLASEAL,2,glycoMod,0,QVPSGRRDGNVSLASEAL,QVPSGRRDGnVSLASEAL,ljz_20131022_MR_Chym1_ELUTE.mzML.binary.sn9687.txt,00000000001000000000
10205,402,3025.386372,1170,1170.417,2058.03416073,1854.95478773,42.6275,(Hex)3 (HexNAc)2 (Deoxyhexose)1 (Pent)1,1009.4694,3025.372,3,QVPSGRRDGNVSLASEAL,QVPSGRRDGNVSLASEAL,2,glycoMod,0,QVPSGRRDGNVSLASEAL,QVPSGRRDGnVSLASEAL,ljz_20131022_MR_Chym1_ELUTE.mzML.binary.sn10205.txt,00000000001000000000
9273,403,3025.396272,1170,1170.417,2058.03416073,1854.95478773,39.8715,(Hex)3 (HexNAc)2 (Deoxyhexose)1 (Pent)1,1009.4727,3025.372,3,QVPSGRRDGNVSLASEAL,QVPSGRRDGNVSLASEAL,2,glycoMod,0,QVPSGRRDGNVSLASEAL,QVPSGRRDGnVSLASEAL,ljz_20131022_MR_Chym1_ELUTE.mzML.binary.sn9273.txt,00000000001000000000
9553,404,3025.380072,1170,1170.417,2058.03416073,1854.95478773,40.659,(Hex)3 (HexNAc)2 (Deoxyhexose)1 (Pent)1,1009.4673,3025.372,3,QVPSGRRDGNVSLASEAL,QVPSGRRDGNVSLASEAL,2,glycoMod,0,QVPSGRRDGNVSLASEAL,QVPSGRRDGnVSLASEAL,ljz_20131022_MR_Chym1_ELUTE.mzML.binary.sn9553.txt,00000000001000000000
9754,406,3025.388896,1170,1170.417,2058.03416073,1854.95478773,41.3561666666667,(Hex)3 (HexNAc)2 (Deoxyhexose)1 (Pent)1,757.3545,3025.372,4,QVPSGRRDGNVSLASEAL,QVPSGRRDGNVSLASEAL,2,glycoMod,0,QVPSGRRDGNVSLASEAL,QVPSGRRDGnVSLASEAL,ljz_20131022_MR_Chym1_ELUTE.mzML.binary.sn9754.txt,00000000001000000000
10030,408,3025.389072,1170,1170.417,2058.03416073,1854.95478773,42.1441666666667,(Hex)3 (HexNAc)2 (Deoxyhexose)1 (Pent)1,1009.4703,3025.372,3,QVPSGRRDGNVSLASEAL,QVPSGRRDGNVSLASEAL,2,glycoMod,0,QVPSGRRDGNVSLASEAL,QVPSGRRDGnVSLASEAL,ljz_20131022_MR_Chym1_ELUTE.mzML.binary.sn10030.txt,00000000001000000000
9612,409,3025.386096,1170,1170.417,2058.03416073,1854.95478773,40.9143333333333,(Hex)3 (HexNAc)2 (Deoxyhexose)1 (Pent)1,757.3538,3025.372,4,QVPSGRRDGNVSLASEAL,QVPSGRRDGNVSLASEAL,2,glycoMod,0,QVPSGRRDGNVSLASEAL,QVPSGRRDGnVSLASEAL,ljz_20131022_MR_Chym1_ELUTE.mzML.binary.sn9612.txt,00000000001000000000
10993,410,3025.393872,1170,1170.417,2058.03416073,1854.95478773,44.9908333333333,(Hex)3 (HexNAc)2 (Deoxyhexose)1 (Pent)1,1009.4719,3025.372,3,QVPSGRRDGNVSLASEAL,QVPSGRRDGNVSLASEAL,2,glycoMod,0,QVPSGRRDGNVSLASEAL,QVPSGRRDGnVSLASEAL,ljz_20131022_MR_Chym1_ELUTE.mzML.binary.sn10993.txt,00000000001000000000
10613,412,3025.391172,1170,1170.417,2058.03416073,1854.95478773,43.8675,(Hex)3 (HexNAc)2 (Deoxyhexose)1 (Pent)1,1009.471,3025.372,3,QVPSGRRDGNVSLASEAL,QVPSGRRDGNVSLASEAL,2,glycoMod,0,QVPSGRRDGNVSLASEAL,QVPSGRRDGnVSLASEAL,ljz_20131022_MR_Chym1_ELUTE.mzML.binary.sn10613.txt,00000000001000000000
9649,413,2920.350072,1065,1065.386,2058.03416073,1854.95478773,41.0291666666667,(Hex)2 (HexNAc)3 (Pent)1,974.4573,2920.341,3,QVPSGRRDGNVSLASEAL,QVPSGRRDGNVSLASEAL,2,glycoMod,0,QVPSGRRDGNVSLASEAL,QVPSGRRDGnVSLASEAL,ljz_20131022_MR_Chym1_ELUTE.mzML.binary.sn9649.txt,00000000001000000000
9392,414,2863.334472,1008,1008.365,2058.03416073,1854.95478773,40.2186666666667,(Hex)2 (HexNAc)2 (Deoxyhexose)1 (Pent)1,955.4521,2863.32,3,QVPSGRRDGNVSLASEAL,QVPSGRRDGNVSLASEAL,2,glycoMod,0,QVPSGRRDGNVSLASEAL,QVPSGRRDGnVSLASEAL,ljz_20131022_MR_Chym1_ELUTE.mzML.binary.sn9392.txt,00000000001000000000
9603,415,3082.397172,1227,1227.439,2058.03416073,1854.95478773,40.8775,(HexNAc)3 (Pent)1 (Hex)3,1028.473,3082.394,3,QVPSGRRDGNVSLASEAL,QVPSGRRDGNVSLASEAL,2,glycoMod,0,QVPSGRRDGNVSLASEAL,QVPSGRRDGnVSLASEAL,ljz_20131022_MR_Chym1_ELUTE.mzML.binary.sn9603.txt,00000000001000000000
9667,416,3025.382772,1170,1170.417,2058.03416073,1854.95478773,41.0926666666667,(Hex)3 (HexNAc)2 (Deoxyhexose)1 (Pent)1,1009.4682,3025.372,3,QVPSGRRDGNVSLASEAL,QVPSGRRDGNVSLASEAL,2,glycoMod,0,QVPSGRRDGNVSLASEAL,QVPSGRRDGnVSLASEAL,ljz_20131022_MR_Chym1_ELUTE.mzML.binary.sn9667.txt,00000000001000000000
9625,417,2863.329372,1008,1008.365,2058.03416073,1854.95478773,40.9563333333333,(Hex)2 (HexNAc)2 (Deoxyhexose)1 (Pent)1,955.4504,2863.32,3,QVPSGRRDGNVSLASEAL,QVPSGRRDGNVSLASEAL,2,glycoMod,0,QVPSGRRDGNVSLASEAL,QVPSGRRDGnVSLASEAL,ljz_20131022_MR_Chym1_ELUTE.mzML.binary.sn9625.txt,00000000001000000000
10005,418,2863.336572,1008,1008.365,2058.03416073,1854.95478773,42.0748333333333,(Hex)2 (HexNAc)2 (Deoxyhexose)1 (Pent)1,955.4528,2863.32,3,QVPSGRRDGNVSLASEAL,QVPSGRRDGNVSLASEAL,2,glycoMod,0,QVPSGRRDGNVSLASEAL,QVPSGRRDGnVSLASEAL,ljz_20131022_MR_Chym1_ELUTE.mzML.binary.sn10005.txt,00000000001000000000
10472,419,3025.383972,1170,1170.417,2058.03416073,1854.95478773,43.4296666666667,(Hex)3 (HexNAc)2 (Deoxyhexose)1 (Pent)1,1009.4686,3025.372,3,QVPSGRRDGNVSLASEAL,QVPSGRRDGNVSLASEAL,2,glycoMod,0,QVPSGRRDGNVSLASEAL,QVPSGRRDGnVSLASEAL,ljz_20131022_MR_Chym1_ELUTE.mzML.binary.sn10472.txt,00000000001000000000
9852,420,2863.335972,1008,1008.365,2058.03416073,1854.95478773,41.6566666666667,(Hex)2 (HexNAc)2 (Deoxyhexose)1 (Pent)1,955.4526,2863.32,3,QVPSGRRDGNVSLASEAL,QVPSGRRDGNVSLASEAL,2,glycoMod,0,QVPSGRRDGNVSLASEAL,QVPSGRRDGnVSLASEAL,ljz_20131022_MR_Chym1_ELUTE.mzML.binary.sn9852.txt,00000000001000000000
9736,421,2863.331172,1008,1008.365,2058.03416073,1854.95478773,41.2988333333333,(Hex)2 (HexNAc)2 (Deoxyhexose)1 (Pent)1,955.451,2863.32,3,QVPSGRRDGNVSLASEAL,QVPSGRRDGNVSLASEAL,2,glycoMod,0,QVPSGRRDGNVSLASEAL,QVPSGRRDGnVSLASEAL,ljz_20131022_MR_Chym1_ELUTE.mzML.binary.sn9736.txt,00000000001000000000
9779,422,3025.383672,1170,1170.417,2058.03416073,1854.95478773,41.44,(Hex)3 (HexNAc)2 (Deoxyhexose)1 (Pent)1,1009.4685,3025.372,3,QVPSGRRDGNVSLASEAL,QVPSGRRDGNVSLASEAL,2,glycoMod,0,QVPSGRRDGNVSLASEAL,QVPSGRRDGnVSLASEAL,ljz_20131022_MR_Chym1_ELUTE.mzML.binary.sn9779.txt,00000000001000000000
9903,424,3025.390872,1170,1170.417,2058.03416073,1854.95478773,41.7963333333333,(Hex)3 (HexNAc)2 (Deoxyhexose)1 (Pent)1,1009.4709,3025.372,3,QVPSGRRDGNVSLASEAL,QVPSGRRDGNVSLASEAL,2,glycoMod,0,QVPSGRRDGNVSLASEAL,QVPSGRRDGnVSLASEAL,ljz_20131022_MR_Chym1_ELUTE.mzML.binary.sn9903.txt,00000000001000000000
9525,426,3228.464172,1373,1373.497,2058.03416073,1854.95478773,40.5875,(HexNAc)3 (Deoxyhexose)1 (Pent)1 (Hex)3,1077.162,3228.452,3,QVPSGRRDGNVSLASEAL,QVPSGRRDGNVSLASEAL,2,glycoMod,0,QVPSGRRDGNVSLASEAL,QVPSGRRDGnVSLASEAL,ljz_20131022_MR_Chym1_ELUTE.mzML.binary.sn9525.txt,00000000001000000000
9385,427,3041.382972,1186,1186.412,2058.03416073,1854.95478773,40.1991666666667,(Hex)4 (HexNAc)2 (Pent)1,1014.8016,3041.367,3,QVPSGRRDGNVSLASEAL,QVPSGRRDGNVSLASEAL,2,glycoMod,0,QVPSGRRDGNVSLASEAL,QVPSGRRDGnVSLASEAL,ljz_20131022_MR_Chym1_ELUTE.mzML.binary.sn9385.txt,00000000001000000000
9998,431,2407.182372,552,552.217,2058.03416073,1854.95478773,42.0555,(HexNAc)2 (Deoxyhexose)1,803.4014,2407.172,3,QVPSGRRDGNVSLASEAL,QVPSGRRDGNVSLASEAL,2,glycoMod,0,QVPSGRRDGNVSLASEAL,QVPSGRRDGnVSLASEAL,ljz_20131022_MR_Chym1_ELUTE.mzML.binary.sn9998.txt,00000000001000000000
10058,437,2058.049248,203,203.079,2058.03416073,1854.95478773,42.2231666666667,(HexNAc)1,1030.0319,2058.034,2,QVPSGRRDGNVSLASEAL,QVPSGRRDGNVSLASEAL,2,glycoMod,0,QVPSGRRDGNVSLASEAL,QVPSGRRDGnVSLASEAL,ljz_20131022_MR_Chym1_ELUTE.mzML.binary.sn10058.txt,00000000001000000000
9853,439,2407.184772,552,552.217,2058.03416073,1854.95478773,41.6585,(HexNAc)2 (Deoxyhexose)1,803.4022,2407.172,3,QVPSGRRDGNVSLASEAL,QVPSGRRDGNVSLASEAL,2,glycoMod,0,QVPSGRRDGNVSLASEAL,QVPSGRRDGnVSLASEAL,ljz_20131022_MR_Chym1_ELUTE.mzML.binary.sn9853.txt,00000000001000000000
9710,443,2701.277172,846,846.312,2058.03416073,1854.95478773,41.2195,(Hex)1 (HexNAc)2 (Deoxyhexose)1 (Pent)1,901.433,2701.267,3,QVPSGRRDGNVSLASEAL,QVPSGRRDGNVSLASEAL,2,glycoMod,0,QVPSGRRDGNVSLASEAL,QVPSGRRDGnVSLASEAL,ljz_20131022_MR_Chym1_ELUTE.mzML.binary.sn9710.txt,00000000001000000000
7972,447,3050.295372,1170,1170.417,2082.94877639,1879.86940339,35.927,(Hex)3 (HexNAc)2 (Deoxyhexose)1 (Pent)1,1017.7724,3050.286,3,TGTQGEIRTNCSVVNSAS,TGTQGEIRTNCSVVNSAS,2,glycoMod,0,TGTQGEIRTNCSVVNSAS,TGTQGEIRTnCSVVNSAS,ljz_20131022_MR_Chym1_ELUTE.mzML.binary.sn7972.txt,00000000001000000000
7843,448,3050.293872,1170,1170.417,2082.94877639,1879.86940339,35.5531666666667,(Hex)3 (HexNAc)2 (Deoxyhexose)1 (Pent)1,1017.7719,3050.286,3,TGTQGEIRTNCSVVNSAS,TGTQGEIRTNCSVVNSAS,2,glycoMod,0,TGTQGEIRTNCSVVNSAS,TGTQGEIRTnCSVVNSAS,ljz_20131022_MR_Chym1_ELUTE.mzML.binary.sn7843.txt,00000000001000000000
8211,451,3050.295972,1170,1170.417,2082.94877639,1879.86940339,36.6423333333333,(Hex)3 (HexNAc)2 (Deoxyhexose)1 (Pent)1,1017.7726,3050.286,3,TGTQGEIRTNCSVVNSAS,TGTQGEIRTNCSVVNSAS,2,glycoMod,0,TGTQGEIRTNCSVVNSAS,TGTQGEIRTnCSVVNSAS,ljz_20131022_MR_Chym1_ELUTE.mzML.binary.sn8211.txt,00000000001000000000
8089,452,3050.300172,1170,1170.417,2082.94877639,1879.86940339,36.2765,(Hex)3 (HexNAc)2 (Deoxyhexose)1 (Pent)1,1017.774,3050.286,3,TGTQGEIRTNCSVVNSAS,TGTQGEIRTNCSVVNSAS,2,glycoMod,0,TGTQGEIRTNCSVVNSAS,TGTQGEIRTnCSVVNSAS,ljz_20131022_MR_Chym1_ELUTE.mzML.binary.sn8089.txt,00000000001000000000
8560,454,3050.297472,1170,1170.417,2082.94877639,1879.86940339,37.6791666666667,(Hex)3 (HexNAc)2 (Deoxyhexose)1 (Pent)1,1017.7731,3050.286,3,TGTQGEIRTNCSVVNSAS,TGTQGEIRTNCSVVNSAS,2,glycoMod,0,TGTQGEIRTNCSVVNSAS,TGTQGEIRTnCSVVNSAS,ljz_20131022_MR_Chym1_ELUTE.mzML.binary.sn8560.txt,00000000001000000000
8087,455,3212.348848,1332,1332.47,2082.94877639,1879.86940339,36.2701666666667,(Hex)4 (HexNAc)2 (Deoxyhexose)1 (Pent)1,1607.1817,3212.339,2,TGTQGEIRTNCSVVNSAS,TGTQGEIRTNCSVVNSAS,2,glycoMod,0,TGTQGEIRTNCSVVNSAS,TGTQGEIRTnCSVVNSAS,ljz_20131022_MR_Chym1_ELUTE.mzML.binary.sn8087.txt,00000000001000000000
7955,457,3212.352972,1332,1332.47,2082.94877639,1879.86940339,35.8835,(Hex)4 (HexNAc)2 (Deoxyhexose)1 (Pent)1,1071.7916,3212.339,3,TGTQGEIRTNCSVVNSAS,TGTQGEIRTNCSVVNSAS,2,glycoMod,0,TGTQGEIRTNCSVVNSAS,TGTQGEIRTnCSVVNSAS,ljz_20131022_MR_Chym1_ELUTE.mzML.binary.sn7955.txt,00000000001000000000
8074,458,3212.350872,1332,1332.47,2082.94877639,1879.86940339,36.2226666666667,(Hex)4 (HexNAc)2 (Deoxyhexose)1 (Pent)1,1071.7909,3212.339,3,TGTQGEIRTNCSVVNSAS,TGTQGEIRTNCSVVNSAS,2,glycoMod,0,TGTQGEIRTNCSVVNSAS,TGTQGEIRTnCSVVNSAS,ljz_20131022_MR_Chym1_ELUTE.mzML.binary.sn8074.txt,00000000001000000000
8153,460,2904.240072,1024,1024.36,2082.94877639,1879.86940339,36.467,(Hex)3 (HexNAc)2 (Pent)1,969.0873,2904.229,3,TGTQGEIRTNCSVVNSAS,TGTQGEIRTNCSVVNSAS,2,glycoMod,0,TGTQGEIRTNCSVVNSAS,TGTQGEIRTnCSVVNSAS,ljz_20131022_MR_Chym1_ELUTE.mzML.binary.sn8153.txt,00000000001000000000
8105,461,3107.323272,1227,1227.439,2082.94877639,1879.86940339,36.3236666666667,(HexNAc)3 (Pent)1 (Hex)3,1036.7817,3107.308,3,TGTQGEIRTNCSVVNSAS,TGTQGEIRTNCSVVNSAS,2,glycoMod,0,TGTQGEIRTNCSVVNSAS,TGTQGEIRTnCSVVNSAS,ljz_20131022_MR_Chym1_ELUTE.mzML.binary.sn8105.txt,00000000001000000000
8377,463,3050.306772,1170,1170.417,2082.94877639,1879.86940339,37.0946666666667,(Hex)3 (HexNAc)2 (Deoxyhexose)1 (Pent)1,1017.7762,3050.286,3,TGTQGEIRTNCSVVNSAS,TGTQGEIRTNCSVVNSAS,2,glycoMod,0,TGTQGEIRTNCSVVNSAS,TGTQGEIRTnCSVVNSAS,ljz_20131022_MR_Chym1_ELUTE.mzML.binary.sn8377.txt,00000000001000000000
8026,466,3050.301848,1170,1170.417,2082.94877639,1879.86940339,36.0761666666667,(Hex)3 (HexNAc)2 (Deoxyhexose)1 (Pent)1,1526.1582,3050.286,2,TGTQGEIRTNCSVVNSAS,TGTQGEIRTNCSVVNSAS,2,glycoMod,0,TGTQGEIRTNCSVVNSAS,TGTQGEIRTnCSVVNSAS,ljz_20131022_MR_Chym1_ELUTE.mzML.binary.sn8026.txt,00000000001000000000
8080,467,2888.248272,1008,1008.365,2082.94877639,1879.86940339,36.2463333333333,(Hex)2 (HexNAc)2 (Deoxyhexose)1 (Pent)1,963.7567,2888.234,3,TGTQGEIRTNCSVVNSAS,TGTQGEIRTNCSVVNSAS,2,glycoMod,0,TGTQGEIRTNCSVVNSAS,TGTQGEIRTnCSVVNSAS,ljz_20131022_MR_Chym1_ELUTE.mzML.binary.sn8080.txt,00000000001000000000
8081,468,3269.376672,1389,1389.492,2082.94877639,1879.86940339,36.249,(Hex)4 (HexNAc)3 (Pent)1,1090.7995,3269.361,3,TGTQGEIRTNCSVVNSAS,TGTQGEIRTNCSVVNSAS,2,glycoMod,0,TGTQGEIRTNCSVVNSAS,TGTQGEIRTnCSVVNSAS,ljz_20131022_MR_Chym1_ELUTE.mzML.binary.sn8081.txt,00000000001000000000
7993,472,3253.385772,1373,1373.497,2082.94877639,1879.86940339,35.9875,(HexNAc)3 (Deoxyhexose)1 (Pent)1 (Hex)3,1085.4692,3253.366,3,TGTQGEIRTNCSVVNSAS,TGTQGEIRTNCSVVNSAS,2,glycoMod,0,TGTQGEIRTNCSVVNSAS,TGTQGEIRTnCSVVNSAS,ljz_20131022_MR_Chym1_ELUTE.mzML.binary.sn7993.txt,00000000001000000000
7944,475,3374.410572,1494,1494.523,2082.94877639,1879.86940339,35.8475,(Hex)5 (Deoxyhexose)1 (Pent)1 (HexNAc)2,1125.8108,3374.392,3,TGTQGEIRTNCSVVNSAS,TGTQGEIRTNCSVVNSAS,2,glycoMod,0,TGTQGEIRTNCSVVNSAS,TGTQGEIRTnCSVVNSAS,ljz_20131022_MR_Chym1_ELUTE.mzML.binary.sn7944.txt,00000000001000000000
8004,478,3618.524772,1738,1738.629,2082.94877639,1879.86940339,36.0185,(Hex)4 (HexNAc)4 (Deoxyhexose)1 (Pent)1,1207.1822,3618.498,3,TGTQGEIRTNCSVVNSAS,TGTQGEIRTNCSVVNSAS,2,glycoMod,0,TGTQGEIRTNCSVVNSAS,TGTQGEIRTnCSVVNSAS,ljz_20131022_MR_Chym1_ELUTE.mzML.binary.sn8004.txt,00000000001000000000
8213,485,3212.330772,1332,1332.47,2082.94877639,1879.86940339,36.6476666666667,(Hex)4 (HexNAc)2 (Deoxyhexose)1 (Pent)1,1071.7842,3212.339,3,TGTQGEIRTNCSVVNSAS,TGTQGEIRTNCSVVNSAS,2,glycoMod,0,TGTQGEIRTNCSVVNSAS,TGTQGEIRTnCSVVNSAS,ljz_20131022_MR_Chym1_ELUTE.mzML.binary.sn8213.txt,00000000001000000000
10151,487,3572.579772,1170,1170.417,2605.2256029,2402.1462299,42.4751666666667,(Hex)3 (HexNAc)2 (Deoxyhexose)1 (Pent)1,1191.8672,3572.563,3,LDSTANNTAEKDAAPNNPSLRGF,LDSTANNTAEKDAAPNNPSLRGF,2,glycoMod,0,LDSTANNTAEKDAAPNNPSLRGF,LDSTAnNTAEKDAAPNNPSLRGF,ljz_20131022_MR_Chym1_ELUTE.mzML.binary.sn10151.txt,0000001000000000000000000
10322,489,2605.236072,203,203.079,2605.2256029,2402.1462299,42.9575,(HexNAc)1,869.4193,2605.225,3,LDSTANNTAEKDAAPNNPSLRGF,LDSTANNTAEKDAAPNNPSLRGF,2,glycoMod,0,LDSTANNTAEKDAAPNNPSLRGF,LDSTAnNTAEKDAAPNNPSLRGF,ljz_20131022_MR_Chym1_ELUTE.mzML.binary.sn10322.txt,0000001000000000000000000
11122,490,2605.235472,203,203.079,2605.2256029,2402.1462299,45.3736666666667,(HexNAc)1,869.4191,2605.225,3,LDSTANNTAEKDAAPNNPSLRGF,LDSTANNTAEKDAAPNNPSLRGF,2,glycoMod,0,LDSTANNTAEKDAAPNNPSLRGF,LDSTAnNTAEKDAAPNNPSLRGF,ljz_20131022_MR_Chym1_ELUTE.mzML.binary.sn11122.txt,0000001000000000000000000
10026,494,3572.584272,1170,1170.417,2605.2256029,2402.1462299,42.1331666666667,(Hex)3 (HexNAc)2 (Deoxyhexose)1 (Pent)1,1191.8687,3572.563,3,LDSTANNTAEKDAAPNNPSLRGF,LDSTANNTAEKDAAPNNPSLRGF,2,glycoMod,0,LDSTANNTAEKDAAPNNPSLRGF,LDSTAnNTAEKDAAPNNPSLRGF,ljz_20131022_MR_Chym1_ELUTE.mzML.binary.sn10026.txt,0000001000000000000000000
10174,495,3410.527296,1008,1008.365,2605.2256029,2402.1462299,42.544,(Hex)2 (HexNAc)2 (Deoxyhexose)1 (Pent)1,853.6391,3410.511,4,LDSTANNTAEKDAAPNNPSLRGF,LDSTANNTAEKDAAPNNPSLRGF,2,glycoMod,0,LDSTANNTAEKDAAPNNPSLRGF,LDSTAnNTAEKDAAPNNPSLRGF,ljz_20131022_MR_Chym1_ELUTE.mzML.binary.sn10174.txt,0000001000000000000000000
10050,496,3410.527296,1008,1008.365,2605.2256029,2402.1462299,42.2025,(Hex)2 (HexNAc)2 (Deoxyhexose)1 (Pent)1,853.6391,3410.511,4,LDSTANNTAEKDAAPNNPSLRGF,LDSTANNTAEKDAAPNNPSLRGF,2,glycoMod,0,LDSTANNTAEKDAAPNNPSLRGF,LDSTAnNTAEKDAAPNNPSLRGF,ljz_20131022_MR_Chym1_ELUTE.mzML.binary.sn10050.txt,0000001000000000000000000
10170,499,3467.548872,1065,1065.386,2605.2256029,2402.1462299,42.5323333333333,(Hex)2 (HexNAc)3 (Pent)1,1156.8569,3467.532,3,LDSTANNTAEKDAAPNNPSLRGF,LDSTANNTAEKDAAPNNPSLRGF,2,glycoMod,0,LDSTANNTAEKDAAPNNPSLRGF,LDSTAnNTAEKDAAPNNPSLRGF,ljz_20131022_MR_Chym1_ELUTE.mzML.binary.sn10170.txt,0000001000000000000000000
10631,501,3410.527872,1008,1008.365,2605.2256029,2402.1462299,43.9153333333333,(Hex)2 (HexNAc)2 (Deoxyhexose)1 (Pent)1,1137.8499,3410.511,3,LDSTANNTAEKDAAPNNPSLRGF,LDSTANNTAEKDAAPNNPSLRGF,2,glycoMod,0,LDSTANNTAEKDAAPNNPSLRGF,LDSTAnNTAEKDAAPNNPSLRGF,ljz_20131022_MR_Chym1_ELUTE.mzML.binary.sn10631.txt,0000001000000000000000000
11260,502,2605.236972,203,203.079,2605.2256029,2402.1462299,45.8008333333333,(HexNAc)1,869.4196,2605.225,3,LDSTANNTAEKDAAPNNPSLRGF,LDSTANNTAEKDAAPNNPSLRGF,2,glycoMod,0,LDSTANNTAEKDAAPNNPSLRGF,LDSTAnNTAEKDAAPNNPSLRGF,ljz_20131022_MR_Chym1_ELUTE.mzML.binary.sn11260.txt,0000001000000000000000000
10129,504,3572.580496,1170,1170.417,2605.2256029,2402.1462299,42.394,(Hex)3 (HexNAc)2 (Deoxyhexose)1 (Pent)1,894.1524,3572.563,4,LDSTANNTAEKDAAPNNPSLRGF,LDSTANNTAEKDAAPNNPSLRGF,2,glycoMod,0,LDSTANNTAEKDAAPNNPSLRGF,LDSTAnNTAEKDAAPNNPSLRGF,ljz_20131022_MR_Chym1_ELUTE.mzML.binary.sn10129.txt,0000001000000000000000000
10125,505,3410.525472,1008,1008.365,2605.2256029,2402.1462299,42.3836666666667,(Hex)2 (HexNAc)2 (Deoxyhexose)1 (Pent)1,1137.8491,3410.511,3,LDSTANNTAEKDAAPNNPSLRGF,LDSTANNTAEKDAAPNNPSLRGF,2,glycoMod,0,LDSTANNTAEKDAAPNNPSLRGF,LDSTAnNTAEKDAAPNNPSLRGF,ljz_20131022_MR_Chym1_ELUTE.mzML.binary.sn10125.txt,0000001000000000000000000
10244,507,3410.528172,1008,1008.365,2605.2256029,2402.1462299,42.7291666666667,(Hex)2 (HexNAc)2 (Deoxyhexose)1 (Pent)1,1137.85,3410.511,3,LDSTANNTAEKDAAPNNPSLRGF,LDSTANNTAEKDAAPNNPSLRGF,2,glycoMod,0,LDSTANNTAEKDAAPNNPSLRGF,LDSTAnNTAEKDAAPNNPSLRGF,ljz_20131022_MR_Chym1_ELUTE.mzML.binary.sn10244.txt,0000001000000000000000000
10227,508,2954.374572,552,552.217,2605.2256029,2402.1462299,42.6828333333333,(HexNAc)2 (Deoxyhexose)1,985.7988,2954.363,3,LDSTANNTAEKDAAPNNPSLRGF,LDSTANNTAEKDAAPNNPSLRGF,2,glycoMod,0,LDSTANNTAEKDAAPNNPSLRGF,LDSTAnNTAEKDAAPNNPSLRGF,ljz_20131022_MR_Chym1_ELUTE.mzML.binary.sn10227.txt,0000001000000000000000000
10136,511,3410.526648,1008,1008.365,2605.2256029,2402.1462299,42.417,(Hex)2 (HexNAc)2 (Deoxyhexose)1 (Pent)1,1706.2706,3410.511,2,LDSTANNTAEKDAAPNNPSLRGF,LDSTANNTAEKDAAPNNPSLRGF,2,glycoMod,0,LDSTANNTAEKDAAPNNPSLRGF,LDSTAnNTAEKDAAPNNPSLRGF,ljz_20131022_MR_Chym1_ELUTE.mzML.binary.sn10136.txt,0000001000000000000000000
9996,512,3572.584496,1170,1170.417,2605.2256029,2402.1462299,42.0503333333333,(Hex)3 (HexNAc)2 (Deoxyhexose)1 (Pent)1,894.1534,3572.563,4,LDSTANNTAEKDAAPNNPSLRGF,LDSTANNTAEKDAAPNNPSLRGF,2,glycoMod,0,LDSTANNTAEKDAAPNNPSLRGF,LDSTAnNTAEKDAAPNNPSLRGF,ljz_20131022_MR_Chym1_ELUTE.mzML.binary.sn9996.txt,0000001000000000000000000
10301,514,2808.317172,406,406.159,2605.2256029,2402.1462299,42.8933333333333,(HexNAc)2,937.113,2808.305,3,LDSTANNTAEKDAAPNNPSLRGF,LDSTANNTAEKDAAPNNPSLRGF,2,glycoMod,0,LDSTANNTAEKDAAPNNPSLRGF,LDSTAnNTAEKDAAPNNPSLRGF,ljz_20131022_MR_Chym1_ELUTE.mzML.binary.sn10301.txt,0000001000000000000000000
9991,515,3410.532672,1008,1008.365,2605.2256029,2402.1462299,42.036,(Hex)2 (HexNAc)2 (Deoxyhexose)1 (Pent)1,1137.8515,3410.511,3,LDSTANNTAEKDAAPNNPSLRGF,LDSTANNTAEKDAAPNNPSLRGF,2,glycoMod,0,LDSTANNTAEKDAAPNNPSLRGF,LDSTAnNTAEKDAAPNNPSLRGF,ljz_20131022_MR_Chym1_ELUTE.mzML.binary.sn9991.txt,0000001000000000000000000
10078,516,3629.600772,1227,1227.439,2605.2256029,2402.1462299,42.2698333333333,(HexNAc)3 (Pent)1 (Hex)3,1210.8742,3629.585,3,LDSTANNTAEKDAAPNNPSLRGF,LDSTANNTAEKDAAPNNPSLRGF,2,glycoMod,0,LDSTANNTAEKDAAPNNPSLRGF,LDSTAnNTAEKDAAPNNPSLRGF,ljz_20131022_MR_Chym1_ELUTE.mzML.binary.sn10078.txt,0000001000000000000000000
