charge,table2Sequence,Asn,glyco,exact.precursor.mz
2,NQSCPSAESL,8,203,648.274213
2,NQSCPSAESL,8,1008,1050.917213
2,NQSCPSAESL,8,1170,1131.943213
2,ANNSGIAPGLIR,28,0,591.833111
2,ANNSGIAPGLIR,28,1008,1096.015776
2,ANNSGIAPGLIR,28,1024,1104.013276
2,ANNSGIAPGLIR,28,1170,1177.041611
3,LDSTANNTAEKDAAPNNPSLRGF,60,0,801.722686
3,LDSTANNTAEKDAAPNNPSLRGF,60,203,869.415686
3,LDSTANNTAEKDAAPNNPSLRGF,60,406,937.1090193
3,LDSTANNTAEKDAAPNNPSLRGF,60,552,985.7950193
3,LDSTANNTAEKDAAPNNPSLRGF,60,1008,1137.844353
3,LDSTANNTAEKDAAPNNPSLRGF,60,1170,1191.861686
3,AARDSAALAGNITY,114,1008,801.36219
3,AARDSAALAGNITY,114,1024,806.6938567
3,AARDSAALAGNITY,114,1170,855.3795233
3,AARDSAALAGNITY,114,1332,909.397276
3,AARDSAALAGNITY,114,1576,990.7659427
3,AARDSAALAGNITY,114,2192,1196.173276
3,QVPSGRRDGNVSLASEAL,127,203,687.0185387
3,QVPSGRRDGNVSLASEAL,127,552,803.3979427
3,QVPSGRRDGNVSLASEAL,127,846,901.4296093
3,QVPSGRRDGNVSLASEAL,127,1008,955.447276
3,QVPSGRRDGNVSLASEAL,127,1038,965.4506093
3,QVPSGRRDGNVSLASEAL,127,1170,1009.464609
3,QVPSGRRDGNVSLASEAL,127,1373,1077.157943
3,QVPSGRRDGNVSLASEAL,127,1535,1131.175609
3,QVPSGRRDGNVSLASEAL,127,1738,1198.868609
3,QVPSGRRDGNVSLASEAL,127,2046,1301.572276
3,QVPSGRRDGNVSLASEAL,127,2192,1350.258276
2,TNIPAPTFNATQL,144,1170,1279.572776
2,AGKNLTADEMVTL,156,1024,1194.030276
2,AGKNLTADEMVTL,156,1170,1267.058776
2,NFSNTSQVDPTLSSSY,185,203,975.4339875
3,NFSNTSQVDPTLSSSY,185,1170,973.0710837
3,NFSNTSQVDPTLSSSY,185,1373,1040.764417
3,NFSNTSQVDPTLSSSY,185,1520,1089.450417
3,NFSNTSQVDPTLSSSY,185,2178,1309.19275
3,NFSNTSQVDPTLSSSY,185,2340,1363.210084
4,RTKCPSNSTRF,211,203,389.942526
4,RTKCPSNSTRF,211,406,440.712526
4,RTKCPSNSTRF,211,876,558.253276
4,RTKCPSNSTRF,211,1008,591.264026
4,RTKCPSNSTRF,211,1024,595.262776
4,RTKCPSNSTRF,211,1038,598.766526
4,RTKCPSNSTRF,211,1170,631.777026
4,RTKCPSNSTRF,211,1186,635.775776
4,RTKCPSNSTRF,211,1241,649.536526
4,RTKCPSNSTRF,211,1332,672.290276
4,RTKCPSNSTRF,211,1348,676.289026
4,RTKCPSNSTRF,211,1373,682.547026
4,RTKCPSNSTRF,211,1494,712.803526
4,RTKCPSNSTRF,211,1535,723.060276
4,RTKCPSNSTRF,211,1551,727.059026
4,RTKCPSNSTRF,211,1681,759.574776
4,RTKCPSNSTRF,211,1697,763.573276
4,RTKCPSNSTRF,211,1738,773.830026
4,RTKCPSNSTRF,211,1859,804.086526
4,RTKCPSNSTRF,211,1884,810.344526
4,RTKCPSNSTRF,211,1900,814.343276
4,RTKCPSNSTRF,211,2046,850.857776
2,TSDQALVTEANL,256,0,631.3171565
2,TSDQALVTEANL,256,1170,1216.525776
2,SAAVKNNADNLTAW,267,0,737.867879
2,SAAVKNNADNLTAW,267,1170,1323.076379
3,TGTQGEIRTNCSVVNSAS,298,1008,963.7519223
3,TGTQGEIRTNCSVVNSAS,298,1024,969.083589
3,TGTQGEIRTNCSVVNSAS,298,1170,1017.769256
3,TGTQGEIRTNCSVVNSAS,298,1332,1071.786943
3,TGTQGEIRTNCSVVNSAS,298,1373,1085.462589
3,TGTQGEIRTNCSVVNSAS,298,1494,1125.804609
