sequence	protein	mass	missedCleavages	specificity	nTerminusIsSpecific	cTerminusIsSpecific
	WPTP	0	0	1	1	0
D	WPTP	133.037507718	0	1	1	0
DL	WPTP	246.121571699	0	2	1	1
DLQ	WPTP	374.18014921	1	1	1	0
DLQI	WPTP	487.26421319	1	1	1	0
DLQIG	WPTP	544.285676914	1	1	1	0
DLQIGF	WPTP	691.35409083	1	2	1	1
DLQIGFY	WPTP	854.417419369	2	2	1	1
L	WPTP	131.094628667	0	1	0	1
LQIGF	WPTP	576.327147798	1	1	0	1
LQIGFY	WPTP	739.390476337	2	1	0	1
	WPTP	0	0	1	1	0
Q	WPTP	146.069142198	0	1	1	0
QI	WPTP	259.153206178	0	1	1	0
QIG	WPTP	316.174669902	0	1	1	0
QIGF	WPTP	463.243083818	0	2	1	1
QIGFY	WPTP	626.306412356	1	2	1	1
QIGFYn	WPTP	0	2	1	1	0
QIGFYnQ	WPTP	0	2	1	1	0
QIGFYnQS	WPTP	0	2	1	1	0
QIGFYnQSC	WPTP	0	2	1	1	0
QIGFYnQSCP	WPTP	0	2	1	1	0
QIGFYnQSCPS	WPTP	0	2	1	1	0
QIGFYnQSCPSA	WPTP	0	2	1	1	0
QIGFYnQSCPSAE	WPTP	0	2	1	1	0
QIGFYnQSCPSAES	WPTP	0	2	1	1	0
QIGFYnQSCPSAESL	WPTP	0	2	2	1	1
IGF	WPTP	335.184506307	0	1	0	1
IGFY	WPTP	498.247834845	1	1	0	1
IGFYnQSCPSAESL	WPTP	0	2	1	0	1
GF	WPTP	222.100442326	0	1	0	1
GFY	WPTP	385.163770864	1	1	0	1
GFYnQSCPSAESL	WPTP	0	2	1	0	1
F	WPTP	165.078978603	0	1	0	1
FY	WPTP	328.142307141	1	1	0	1
FYnQSCPSAESL	WPTP	0	2	1	0	1
	WPTP	0	0	1	1	0
Y	WPTP	181.073893225	0	2	1	1
Yn	WPTP	0	1	1	1	0
YnQ	WPTP	0	1	1	1	0
YnQS	WPTP	0	1	1	1	0
YnQSC	WPTP	0	1	1	1	0
YnQSCP	WPTP	0	1	1	1	0
YnQSCPS	WPTP	0	1	1	1	0
YnQSCPSA	WPTP	0	1	1	1	0
YnQSCPSAE	WPTP	0	1	1	1	0
YnQSCPSAES	WPTP	0	1	1	1	0
YnQSCPSAESL	WPTP	0	1	2	1	1
YnQSCPSAESLV	WPTP	0	2	1	1	0
YnQSCPSAESLVQ	WPTP	0	2	1	1	0
YnQSCPSAESLVQQ	WPTP	0	2	1	1	0
YnQSCPSAESLVQQA	WPTP	0	2	1	1	0
YnQSCPSAESLVQQAV	WPTP	0	2	1	1	0
YnQSCPSAESLVQQAVA	WPTP	0	2	1	1	0
YnQSCPSAESLVQQAVAA	WPTP	0	2	1	1	0
YnQSCPSAESLVQQAVAAA	WPTP	0	2	1	1	0
YnQSCPSAESLVQQAVAAAF	WPTP	0	2	2	1	1
	WPTP	0	0	1	1	0
n	WPTP	0	0	1	1	0
nQ	WPTP	0	0	1	1	0
nQS	WPTP	0	0	1	1	0
nQSC	WPTP	0	0	1	1	0
nQSCP	WPTP	0	0	1	1	0
nQSCPS	WPTP	0	0	1	1	0
nQSCPSA	WPTP	0	0	1	1	0
nQSCPSAE	WPTP	0	0	1	1	0
nQSCPSAES	WPTP	0	0	1	1	0
nQSCPSAESL	WPTP	0	0	2	1	1
nQSCPSAESLV	WPTP	0	1	1	1	0
nQSCPSAESLVQ	WPTP	0	1	1	1	0
nQSCPSAESLVQQ	WPTP	0	1	1	1	0
nQSCPSAESLVQQA	WPTP	0	1	1	1	0
nQSCPSAESLVQQAV	WPTP	0	1	1	1	0
nQSCPSAESLVQQAVA	WPTP	0	1	1	1	0
nQSCPSAESLVQQAVAA	WPTP	0	1	1	1	0
nQSCPSAESLVQQAVAAA	WPTP	0	1	1	1	0
nQSCPSAESLVQQAVAAAF	WPTP	0	1	2	1	1
nQSCPSAESLVQQAVAAAFA	WPTP	0	2	1	1	0
nQSCPSAESLVQQAVAAAFAn	WPTP	0	2	1	1	0
nQSCPSAESLVQQAVAAAFAnN	WPTP	0	2	1	1	0
nQSCPSAESLVQQAVAAAFAnNS	WPTP	0	2	1	1	0
nQSCPSAESLVQQAVAAAFAnNSG	WPTP	0	2	1	1	0
nQSCPSAESLVQQAVAAAFAnNSGI	WPTP	0	2	1	1	0
nQSCPSAESLVQQAVAAAFAnNSGIA	WPTP	0	2	1	1	0
nQSCPSAESLVQQAVAAAFAnNSGIAP	WPTP	0	2	1	1	0
nQSCPSAESLVQQAVAAAFAnNSGIAPG	WPTP	0	2	1	1	0
nQSCPSAESLVQQAVAAAFAnNSGIAPGL	WPTP	0	2	2	1	1
QSCPSAESL	WPTP	920.390946622	0	1	0	1
QSCPSAESLVQQAVAAAF	WPTP	1805.86179854	1	1	0	1
QSCPSAESLVQQAVAAAFAnNSGIAPGL	WPTP	0	2	1	0	1
SCPSAESL	WPTP	792.33236911	0	1	0	1
SCPSAESLVQQAVAAAF	WPTP	1677.80322103	1	1	0	1
SCPSAESLVQQAVAAAFAnNSGIAPGL	WPTP	0	2	1	0	1
CPSAESL	WPTP	705.3003407	0	1	0	1
CPSAESLVQQAVAAAF	WPTP	1590.77119262	1	1	0	1
CPSAESLVQQAVAAAFAnNSGIAPGL	WPTP	0	2	1	0	1
PSAESL	WPTP	602.291156223	0	1	0	1
PSAESLVQQAVAAAF	WPTP	1487.76200815	1	1	0	1
PSAESLVQQAVAAAFAnNSGIAPGL	WPTP	0	2	1	0	1
SAESL	WPTP	505.238392371	0	1	0	1
SAESLVQQAVAAAF	WPTP	1390.70924429	1	1	0	1
SAESLVQQAVAAAFAnNSGIAPGL	WPTP	0	2	1	0	1
AESL	WPTP	418.206363961	0	1	0	1
AESLVQQAVAAAF	WPTP	1303.67721588	1	1	0	1
AESLVQQAVAAAFAnNSGIAPGL	WPTP	0	2	1	0	1
ESL	WPTP	347.169250173	0	1	0	1
ESLVQQAVAAAF	WPTP	1232.6401021	1	1	0	1
ESLVQQAVAAAFAnNSGIAPGL	WPTP	0	2	1	0	1
SL	WPTP	218.126657077	0	1	0	1
SLVQQAVAAAF	WPTP	1103.597509	1	1	0	1
SLVQQAVAAAFAnNSGIAPGL	WPTP	0	2	1	0	1
L	WPTP	131.094628667	0	1	0	1
LVQQAVAAAF	WPTP	1016.56548059	1	1	0	1
LVQQAVAAAFAnNSGIAPGL	WPTP	0	2	1	0	1
	WPTP	0	0	1	1	0
V	WPTP	117.078978603	0	1	1	0
VQ	WPTP	245.137556114	0	1	1	0
VQQ	WPTP	373.196133625	0	1	1	0
VQQA	WPTP	444.233247413	0	1	1	0
VQQAV	WPTP	543.301661329	0	1	1	0
VQQAVA	WPTP	614.338775117	0	1	1	0
VQQAVAA	WPTP	685.375888905	0	1	1	0
VQQAVAAA	WPTP	756.413002693	0	1	1	0
VQQAVAAAF	WPTP	903.481416609	0	2	1	1
VQQAVAAAFA	WPTP	974.518530397	1	1	1	0
VQQAVAAAFAn	WPTP	0	1	1	1	0
VQQAVAAAFAnN	WPTP	0	1	1	1	0
VQQAVAAAFAnNS	WPTP	0	1	1	1	0
VQQAVAAAFAnNSG	WPTP	0	1	1	1	0
VQQAVAAAFAnNSGI	WPTP	0	1	1	1	0
VQQAVAAAFAnNSGIA	WPTP	0	1	1	1	0
VQQAVAAAFAnNSGIAP	WPTP	0	1	1	1	0
VQQAVAAAFAnNSGIAPG	WPTP	0	1	1	1	0
VQQAVAAAFAnNSGIAPGL	WPTP	0	1	2	1	1
VQQAVAAAFAnNSGIAPGLI	WPTP	0	2	1	1	0
VQQAVAAAFAnNSGIAPGLIR	WPTP	0	2	1	1	0
VQQAVAAAFAnNSGIAPGLIRM	WPTP	0	2	1	1	0
VQQAVAAAFAnNSGIAPGLIRMH	WPTP	0	2	1	1	0
VQQAVAAAFAnNSGIAPGLIRMHF	WPTP	0	2	2	1	1
QQAVAAAF	WPTP	804.413002693	0	1	0	1
QQAVAAAFAnNSGIAPGL	WPTP	0	1	1	0	1
QQAVAAAFAnNSGIAPGLIRMHF	WPTP	0	2	1	0	1
QAVAAAF	WPTP	676.354425181	0	1	0	1
QAVAAAFAnNSGIAPGL	WPTP	0	1	1	0	1
QAVAAAFAnNSGIAPGLIRMHF	WPTP	0	2	1	0	1
AVAAAF	WPTP	548.29584767	0	1	0	1
AVAAAFAnNSGIAPGL	WPTP	0	1	1	0	1
AVAAAFAnNSGIAPGLIRMHF	WPTP	0	2	1	0	1
VAAAF	WPTP	477.258733882	0	1	0	1
VAAAFAnNSGIAPGL	WPTP	0	1	1	0	1
VAAAFAnNSGIAPGLIRMHF	WPTP	0	2	1	0	1
AAAF	WPTP	378.190319966	0	1	0	1
AAAFAnNSGIAPGL	WPTP	0	1	1	0	1
AAAFAnNSGIAPGLIRMHF	WPTP	0	2	1	0	1
AAF	WPTP	307.153206178	0	1	0	1
AAFAnNSGIAPGL	WPTP	0	1	1	0	1
AAFAnNSGIAPGLIRMHF	WPTP	0	2	1	0	1
AF	WPTP	236.11609239	0	1	0	1
AFAnNSGIAPGL	WPTP	0	1	1	0	1
AFAnNSGIAPGLIRMHF	WPTP	0	2	1	0	1
F	WPTP	165.078978603	0	1	0	1
FAnNSGIAPGL	WPTP	0	1	1	0	1
FAnNSGIAPGLIRMHF	WPTP	0	2	1	0	1
	WPTP	0	0	1	1	0
A	WPTP	89.0476784741	0	1	1	0
An	WPTP	0	0	1	1	0
AnN	WPTP	0	0	1	1	0
AnNS	WPTP	0	0	1	1	0
AnNSG	WPTP	0	0	1	1	0
AnNSGI	WPTP	0	0	1	1	0
AnNSGIA	WPTP	0	0	1	1	0
AnNSGIAP	WPTP	0	0	1	1	0
AnNSGIAPG	WPTP	0	0	1	1	0
AnNSGIAPGL	WPTP	0	0	2	1	1
AnNSGIAPGLI	WPTP	0	1	1	1	0
AnNSGIAPGLIR	WPTP	0	1	1	1	0
AnNSGIAPGLIRM	WPTP	0	1	1	1	0
AnNSGIAPGLIRMH	WPTP	0	1	1	1	0
AnNSGIAPGLIRMHF	WPTP	0	1	2	1	1
AnNSGIAPGLIRMHFH	WPTP	0	2	1	1	0
AnNSGIAPGLIRMHFHD	WPTP	0	2	1	1	0
AnNSGIAPGLIRMHFHDC	WPTP	0	2	1	1	0
AnNSGIAPGLIRMHFHDCF	WPTP	0	2	2	1	1
nNSGIAPGL	WPTP	0	0	1	0	1
nNSGIAPGLIRMHF	WPTP	0	1	1	0	1
nNSGIAPGLIRMHFHDCF	WPTP	0	2	1	0	1
NSGIAPGL	WPTP	727.386453591	0	1	0	1
NSGIAPGLIRMHF	WPTP	1411.73943898	1	1	0	1
NSGIAPGLIRMHFHDCF	WPTP	1913.90289227	2	1	0	1
SGIAPGL	WPTP	613.343526144	0	1	0	1
SGIAPGLIRMHF	WPTP	1297.69651154	1	1	0	1
SGIAPGLIRMHFHDCF	WPTP	1799.85996483	2	1	0	1
GIAPGL	WPTP	526.311497734	0	1	0	1
GIAPGLIRMHF	WPTP	1210.66448313	1	1	0	1
GIAPGLIRMHFHDCF	WPTP	1712.82793642	2	1	0	1
IAPGL	WPTP	469.29003401	0	1	0	1
IAPGLIRMHF	WPTP	1153.6430194	1	1	0	1
IAPGLIRMHFHDCF	WPTP	1655.80647269	2	1	0	1
APGL	WPTP	356.20597003	0	1	0	1
APGLIRMHF	WPTP	1040.55895542	1	1	0	1
APGLIRMHFHDCF	WPTP	1542.72240871	2	1	0	1
PGL	WPTP	285.168856242	0	1	0	1
PGLIRMHF	WPTP	969.521841636	1	1	0	1
PGLIRMHFHDCF	WPTP	1471.68529492	2	1	0	1
GL	WPTP	188.11609239	0	1	0	1
GLIRMHF	WPTP	872.469077784	1	1	0	1
GLIRMHFHDCF	WPTP	1374.63253107	2	1	0	1
L	WPTP	131.094628667	0	1	0	1
LIRMHF	WPTP	815.44761406	1	1	0	1
LIRMHFHDCF	WPTP	1317.61106735	2	1	0	1
	WPTP	0	0	1	1	0
I	WPTP	131.094628667	0	1	1	0
IR	WPTP	287.195739695	0	1	1	0
IRM	WPTP	418.236224301	0	1	1	0
IRMH	WPTP	555.295136163	0	1	1	0
IRMHF	WPTP	702.36355008	0	2	1	1
IRMHFH	WPTP	839.422461942	1	1	1	0
IRMHFHD	WPTP	954.449404974	1	1	1	0
IRMHFHDC	WPTP	1057.45858945	1	1	1	0
IRMHFHDCF	WPTP	1204.52700337	1	2	1	1
IRMHFHDCFV	WPTP	1303.59541728	2	1	1	0
IRMHFHDCFVR	WPTP	1459.69652831	2	1	1	0
IRMHFHDCFVRG	WPTP	1516.71799204	2	1	1	0
IRMHFHDCFVRGC	WPTP	1619.72717651	2	1	1	0
IRMHFHDCFVRGCD	WPTP	1734.75411955	2	1	1	0
IRMHFHDCFVRGCDA	WPTP	1805.79123333	2	1	1	0
IRMHFHDCFVRGCDAS	WPTP	1892.82326174	2	1	1	0
IRMHFHDCFVRGCDASV	WPTP	1991.89167566	2	1	1	0
IRMHFHDCFVRGCDASVL	WPTP	2104.97573964	2	2	1	1
RMHF	WPTP	589.279486099	0	1	0	1
RMHFHDCF	WPTP	1091.44293939	1	1	0	1
RMHFHDCFVRGCDASVL	WPTP	1991.89167566	2	1	0	1
MHF	WPTP	433.178375071	0	1	0	1
MHFHDCF	WPTP	935.341828359	1	1	0	1
MHFHDCFVRGCDASVL	WPTP	1835.79056463	2	1	0	1
HF	WPTP	302.137890465	0	1	0	1
HFHDCF	WPTP	804.301343753	1	1	0	1
HFHDCFVRGCDASVL	WPTP	1704.75008003	2	1	0	1
F	WPTP	165.078978603	0	1	0	1
FHDCF	WPTP	667.242431891	1	1	0	1
FHDCFVRGCDASVL	WPTP	1567.69116816	2	1	0	1
	WPTP	0	0	1	1	0
H	WPTP	155.069476549	0	1	1	0
HD	WPTP	270.096419581	0	1	1	0
HDC	WPTP	373.105604059	0	1	1	0
HDCF	WPTP	520.174017975	0	2	1	1
HDCFV	WPTP	619.242431891	1	1	1	0
HDCFVR	WPTP	775.343542919	1	1	1	0
HDCFVRG	WPTP	832.365006643	1	1	1	0
HDCFVRGC	WPTP	935.37419112	1	1	1	0
HDCFVRGCD	WPTP	1050.40113415	1	1	1	0
HDCFVRGCDA	WPTP	1121.43824794	1	1	1	0
HDCFVRGCDAS	WPTP	1208.47027635	1	1	1	0
HDCFVRGCDASV	WPTP	1307.53869027	1	1	1	0
HDCFVRGCDASVL	WPTP	1420.62275425	1	2	1	1
HDCFVRGCDASVLL	WPTP	1533.70681823	2	2	1	1
DCF	WPTP	383.115106112	0	1	0	1
DCFVRGCDASVL	WPTP	1283.56384238	1	1	0	1
DCFVRGCDASVLL	WPTP	1396.64790636	2	1	0	1
CF	WPTP	268.08816308	0	1	0	1
CFVRGCDASVL	WPTP	1168.53689935	1	1	0	1
CFVRGCDASVLL	WPTP	1281.62096333	2	1	0	1
F	WPTP	165.078978603	0	1	0	1
FVRGCDASVL	WPTP	1065.52771487	1	1	0	1
FVRGCDASVLL	WPTP	1178.61177885	2	1	0	1
	WPTP	0	0	1	1	0
V	WPTP	117.078978603	0	1	1	0
VR	WPTP	273.180089631	0	1	1	0
VRG	WPTP	330.201553354	0	1	1	0
VRGC	WPTP	433.210737832	0	1	1	0
VRGCD	WPTP	548.237680864	0	1	1	0
VRGCDA	WPTP	619.274794652	0	1	1	0
VRGCDAS	WPTP	706.306823062	0	1	1	0
VRGCDASV	WPTP	805.375236978	0	1	1	0
VRGCDASVL	WPTP	918.459300958	0	2	1	1
VRGCDASVLL	WPTP	1031.54336494	1	2	1	1
VRGCDASVLLD	WPTP	1146.57030797	2	1	1	0
VRGCDASVLLDS	WPTP	1233.60233638	2	1	1	0
VRGCDASVLLDST	WPTP	1334.65001485	2	1	1	0
VRGCDASVLLDSTA	WPTP	1405.68712864	2	1	1	0
VRGCDASVLLDSTAn	WPTP	0	2	1	1	0
VRGCDASVLLDSTAnN	WPTP	0	2	1	1	0
VRGCDASVLLDSTAnNT	WPTP	0	2	1	1	0
VRGCDASVLLDSTAnNTA	WPTP	0	2	1	1	0
VRGCDASVLLDSTAnNTAE	WPTP	0	2	1	1	0
VRGCDASVLLDSTAnNTAEK	WPTP	0	2	1	1	0
VRGCDASVLLDSTAnNTAEKD	WPTP	0	2	1	1	0
VRGCDASVLLDSTAnNTAEKDA	WPTP	0	2	1	1	0
VRGCDASVLLDSTAnNTAEKDAA	WPTP	0	2	1	1	0
VRGCDASVLLDSTAnNTAEKDAAP	WPTP	0	2	1	1	0
VRGCDASVLLDSTAnNTAEKDAAPN	WPTP	0	2	1	1	0
VRGCDASVLLDSTAnNTAEKDAAPNN	WPTP	0	2	1	1	0
VRGCDASVLLDSTAnNTAEKDAAPNNP	WPTP	0	2	1	1	0
VRGCDASVLLDSTAnNTAEKDAAPNNPS	WPTP	0	2	1	1	0
VRGCDASVLLDSTAnNTAEKDAAPNNPSL	WPTP	0	2	2	1	1
RGCDASVL	WPTP	819.390887042	0	1	0	1
RGCDASVLL	WPTP	932.474951023	1	1	0	1
RGCDASVLLDSTAnNTAEKDAAPNNPSL	WPTP	0	2	1	0	1
GCDASVL	WPTP	663.289776014	0	1	0	1
GCDASVLL	WPTP	776.373839994	1	1	0	1
GCDASVLLDSTAnNTAEKDAAPNNPSL	WPTP	0	2	1	0	1
CDASVL	WPTP	606.26831229	0	1	0	1
CDASVLL	WPTP	719.352376271	1	1	0	1
CDASVLLDSTAnNTAEKDAAPNNPSL	WPTP	0	2	1	0	1
DASVL	WPTP	503.259127813	0	1	0	1
DASVLL	WPTP	616.343191793	1	1	0	1
DASVLLDSTAnNTAEKDAAPNNPSL	WPTP	0	2	1	0	1
ASVL	WPTP	388.232184781	0	1	0	1
ASVLL	WPTP	501.316248761	1	1	0	1
ASVLLDSTAnNTAEKDAAPNNPSL	WPTP	0	2	1	0	1
SVL	WPTP	317.195070993	0	1	0	1
SVLL	WPTP	430.279134973	1	1	0	1
SVLLDSTAnNTAEKDAAPNNPSL	WPTP	0	2	1	0	1
VL	WPTP	230.163042583	0	1	0	1
VLL	WPTP	343.247106563	1	1	0	1
VLLDSTAnNTAEKDAAPNNPSL	WPTP	0	2	1	0	1
L	WPTP	131.094628667	0	1	0	1
LL	WPTP	244.178692647	1	1	0	1
LLDSTAnNTAEKDAAPNNPSL	WPTP	0	2	1	0	1
	WPTP	0	0	1	1	0
L	WPTP	131.094628667	0	2	1	1
LD	WPTP	246.121571699	1	1	1	0
LDS	WPTP	333.153600109	1	1	1	0
LDST	WPTP	434.201278583	1	1	1	0
LDSTA	WPTP	505.238392371	1	1	1	0
LDSTAn	WPTP	0	1	1	1	0
LDSTAnN	WPTP	0	1	1	1	0
LDSTAnNT	WPTP	0	1	1	1	0
LDSTAnNTA	WPTP	0	1	1	1	0
LDSTAnNTAE	WPTP	0	1	1	1	0
LDSTAnNTAEK	WPTP	0	1	1	1	0
LDSTAnNTAEKD	WPTP	0	1	1	1	0
LDSTAnNTAEKDA	WPTP	0	1	1	1	0
LDSTAnNTAEKDAA	WPTP	0	1	1	1	0
LDSTAnNTAEKDAAP	WPTP	0	1	1	1	0
LDSTAnNTAEKDAAPN	WPTP	0	1	1	1	0
LDSTAnNTAEKDAAPNN	WPTP	0	1	1	1	0
LDSTAnNTAEKDAAPNNP	WPTP	0	1	1	1	0
LDSTAnNTAEKDAAPNNPS	WPTP	0	1	1	1	0
LDSTAnNTAEKDAAPNNPSL	WPTP	0	1	2	1	1
LDSTAnNTAEKDAAPNNPSLR	WPTP	0	2	1	1	0
LDSTAnNTAEKDAAPNNPSLRG	WPTP	0	2	1	1	0
LDSTAnNTAEKDAAPNNPSLRGF	WPTP	0	2	2	1	1
	WPTP	0	0	1	1	0
D	WPTP	133.037507718	0	1	1	0
DS	WPTP	220.069536128	0	1	1	0
DST	WPTP	321.117214602	0	1	1	0
DSTA	WPTP	392.15432839	0	1	1	0
DSTAn	WPTP	0	0	1	1	0
DSTAnN	WPTP	0	0	1	1	0
DSTAnNT	WPTP	0	0	1	1	0
DSTAnNTA	WPTP	0	0	1	1	0
DSTAnNTAE	WPTP	0	0	1	1	0
DSTAnNTAEK	WPTP	0	0	1	1	0
DSTAnNTAEKD	WPTP	0	0	1	1	0
DSTAnNTAEKDA	WPTP	0	0	1	1	0
DSTAnNTAEKDAA	WPTP	0	0	1	1	0
DSTAnNTAEKDAAP	WPTP	0	0	1	1	0
DSTAnNTAEKDAAPN	WPTP	0	0	1	1	0
DSTAnNTAEKDAAPNN	WPTP	0	0	1	1	0
DSTAnNTAEKDAAPNNP	WPTP	0	0	1	1	0
DSTAnNTAEKDAAPNNPS	WPTP	0	0	1	1	0
DSTAnNTAEKDAAPNNPSL	WPTP	0	0	2	1	1
DSTAnNTAEKDAAPNNPSLR	WPTP	0	1	1	1	0
DSTAnNTAEKDAAPNNPSLRG	WPTP	0	1	1	1	0
DSTAnNTAEKDAAPNNPSLRGF	WPTP	0	1	2	1	1
DSTAnNTAEKDAAPNNPSLRGFE	WPTP	0	2	1	1	0
DSTAnNTAEKDAAPNNPSLRGFEV	WPTP	0	2	1	1	0
DSTAnNTAEKDAAPNNPSLRGFEVI	WPTP	0	2	1	1	0
DSTAnNTAEKDAAPNNPSLRGFEVIA	WPTP	0	2	1	1	0
DSTAnNTAEKDAAPNNPSLRGFEVIAA	WPTP	0	2	1	1	0
DSTAnNTAEKDAAPNNPSLRGFEVIAAA	WPTP	0	2	1	1	0
DSTAnNTAEKDAAPNNPSLRGFEVIAAAK	WPTP	0	2	1	1	0
DSTAnNTAEKDAAPNNPSLRGFEVIAAAKS	WPTP	0	2	1	1	0
DSTAnNTAEKDAAPNNPSLRGFEVIAAAKSA	WPTP	0	2	1	1	0
DSTAnNTAEKDAAPNNPSLRGFEVIAAAKSAV	WPTP	0	2	1	1	0
DSTAnNTAEKDAAPNNPSLRGFEVIAAAKSAVE	WPTP	0	2	1	1	0
DSTAnNTAEKDAAPNNPSLRGFEVIAAAKSAVEA	WPTP	0	2	1	1	0
DSTAnNTAEKDAAPNNPSLRGFEVIAAAKSAVEAA	WPTP	0	2	1	1	0
DSTAnNTAEKDAAPNNPSLRGFEVIAAAKSAVEAAC	WPTP	0	2	1	1	0
DSTAnNTAEKDAAPNNPSLRGFEVIAAAKSAVEAACP	WPTP	0	2	1	1	0
DSTAnNTAEKDAAPNNPSLRGFEVIAAAKSAVEAACPK	WPTP	0	2	1	1	0
DSTAnNTAEKDAAPNNPSLRGFEVIAAAKSAVEAACPKT	WPTP	0	2	1	1	0
DSTAnNTAEKDAAPNNPSLRGFEVIAAAKSAVEAACPKTV	WPTP	0	2	1	1	0
DSTAnNTAEKDAAPNNPSLRGFEVIAAAKSAVEAACPKTVS	WPTP	0	2	1	1	0
DSTAnNTAEKDAAPNNPSLRGFEVIAAAKSAVEAACPKTVSC	WPTP	0	2	1	1	0
DSTAnNTAEKDAAPNNPSLRGFEVIAAAKSAVEAACPKTVSCA	WPTP	0	2	1	1	0
DSTAnNTAEKDAAPNNPSLRGFEVIAAAKSAVEAACPKTVSCAD	WPTP	0	2	1	1	0
DSTAnNTAEKDAAPNNPSLRGFEVIAAAKSAVEAACPKTVSCADI	WPTP	0	2	1	1	0
DSTAnNTAEKDAAPNNPSLRGFEVIAAAKSAVEAACPKTVSCADIL	WPTP	0	2	2	1	1
STAnNTAEKDAAPNNPSL	WPTP	0	0	1	0	1
STAnNTAEKDAAPNNPSLRGF	WPTP	0	1	1	0	1
STAnNTAEKDAAPNNPSLRGFEVIAAAKSAVEAACPKTVSCADIL	WPTP	0	2	1	0	1
TAnNTAEKDAAPNNPSL	WPTP	0	0	1	0	1
TAnNTAEKDAAPNNPSLRGF	WPTP	0	1	1	0	1
TAnNTAEKDAAPNNPSLRGFEVIAAAKSAVEAACPKTVSCADIL	WPTP	0	2	1	0	1
AnNTAEKDAAPNNPSL	WPTP	0	0	1	0	1
AnNTAEKDAAPNNPSLRGF	WPTP	0	1	1	0	1
AnNTAEKDAAPNNPSLRGFEVIAAAKSAVEAACPKTVSCADIL	WPTP	0	2	1	0	1
nNTAEKDAAPNNPSL	WPTP	0	0	1	0	1
nNTAEKDAAPNNPSLRGF	WPTP	0	1	1	0	1
nNTAEKDAAPNNPSLRGFEVIAAAKSAVEAACPKTVSCADIL	WPTP	0	2	1	0	1
NTAEKDAAPNNPSL	WPTP	1440.68448611	0	1	0	1
NTAEKDAAPNNPSLRGF	WPTP	1800.87547477	1	1	0	1
NTAEKDAAPNNPSLRGFEVIAAAKSAVEAACPKTVSCADIL	WPTP	4142.07762834	2	1	0	1
TAEKDAAPNNPSL	WPTP	1326.64155866	0	1	0	1
TAEKDAAPNNPSLRGF	WPTP	1686.83254733	1	1	0	1
TAEKDAAPNNPSLRGFEVIAAAKSAVEAACPKTVSCADIL	WPTP	4028.03470089	2	1	0	1
AEKDAAPNNPSL	WPTP	1225.59388018	0	1	0	1
AEKDAAPNNPSLRGF	WPTP	1585.78486885	1	1	0	1
AEKDAAPNNPSLRGFEVIAAAKSAVEAACPKTVSCADIL	WPTP	3926.98702242	2	1	0	1
EKDAAPNNPSL	WPTP	1154.5567664	0	1	0	1
EKDAAPNNPSLRGF	WPTP	1514.74775506	1	1	0	1
EKDAAPNNPSLRGFEVIAAAKSAVEAACPKTVSCADIL	WPTP	3855.94990863	2	1	0	1
KDAAPNNPSL	WPTP	1025.5141733	0	1	0	1
KDAAPNNPSLRGF	WPTP	1385.70516197	1	1	0	1
KDAAPNNPSLRGFEVIAAAKSAVEAACPKTVSCADIL	WPTP	3726.90731553	2	1	0	1
DAAPNNPSL	WPTP	897.419210283	0	1	0	1
DAAPNNPSLRGF	WPTP	1257.61019895	1	1	0	1
DAAPNNPSLRGFEVIAAAKSAVEAACPKTVSCADIL	WPTP	3598.81235252	2	1	0	1
AAPNNPSL	WPTP	782.392267251	0	1	0	1
AAPNNPSLRGF	WPTP	1142.58325592	1	1	0	1
AAPNNPSLRGFEVIAAAKSAVEAACPKTVSCADIL	WPTP	3483.78540948	2	1	0	1
APNNPSL	WPTP	711.355153463	0	1	0	1
APNNPSLRGF	WPTP	1071.54614213	1	1	0	1
APNNPSLRGFEVIAAAKSAVEAACPKTVSCADIL	WPTP	3412.7482957	2	1	0	1
PNNPSL	WPTP	640.318039675	0	1	0	1
PNNPSLRGF	WPTP	1000.50902834	1	1	0	1
PNNPSLRGFEVIAAAKSAVEAACPKTVSCADIL	WPTP	3341.71118191	2	1	0	1
NNPSL	WPTP	543.265275823	0	1	0	1
NNPSLRGF	WPTP	903.456264491	1	1	0	1
NNPSLRGFEVIAAAKSAVEAACPKTVSCADIL	WPTP	3244.65841806	2	1	0	1
NPSL	WPTP	429.222348376	0	1	0	1
NPSLRGF	WPTP	789.413337044	1	1	0	1
NPSLRGFEVIAAAKSAVEAACPKTVSCADIL	WPTP	3130.61549061	2	1	0	1
PSL	WPTP	315.179420929	0	1	0	1
PSLRGF	WPTP	675.370409597	1	1	0	1
PSLRGFEVIAAAKSAVEAACPKTVSCADIL	WPTP	3016.57256316	2	1	0	1
SL	WPTP	218.126657077	0	1	0	1
SLRGF	WPTP	578.317645744	1	1	0	1
SLRGFEVIAAAKSAVEAACPKTVSCADIL	WPTP	2919.51979931	2	1	0	1
L	WPTP	131.094628667	0	1	0	1
LRGF	WPTP	491.285617335	1	1	0	1
LRGFEVIAAAKSAVEAACPKTVSCADIL	WPTP	2832.4877709	2	1	0	1
	WPTP	0	0	1	1	0
R	WPTP	174.111675714	0	1	1	0
RG	WPTP	231.133139438	0	1	1	0
RGF	WPTP	378.201553354	0	2	1	1
RGFE	WPTP	507.24414645	1	1	1	0
RGFEV	WPTP	606.312560367	1	1	1	0
RGFEVI	WPTP	719.396624347	1	1	1	0
RGFEVIA	WPTP	790.433738135	1	1	1	0
RGFEVIAA	WPTP	861.470851923	1	1	1	0
RGFEVIAAA	WPTP	932.50796571	1	1	1	0
RGFEVIAAAK	WPTP	1060.60292873	1	1	1	0
RGFEVIAAAKS	WPTP	1147.63495714	1	1	1	0
RGFEVIAAAKSA	WPTP	1218.67207093	1	1	1	0
RGFEVIAAAKSAV	WPTP	1317.74048484	1	1	1	0
RGFEVIAAAKSAVE	WPTP	1446.78307794	1	1	1	0
RGFEVIAAAKSAVEA	WPTP	1517.82019173	1	1	1	0
RGFEVIAAAKSAVEAA	WPTP	1588.85730551	1	1	1	0
RGFEVIAAAKSAVEAAC	WPTP	1691.86648999	1	1	1	0
RGFEVIAAAKSAVEAACP	WPTP	1788.91925384	1	1	1	0
RGFEVIAAAKSAVEAACPK	WPTP	1917.01421686	1	1	1	0
RGFEVIAAAKSAVEAACPKT	WPTP	2018.06189534	1	1	1	0
RGFEVIAAAKSAVEAACPKTV	WPTP	2117.13030925	1	1	1	0
RGFEVIAAAKSAVEAACPKTVS	WPTP	2204.16233766	1	1	1	0
RGFEVIAAAKSAVEAACPKTVSC	WPTP	2307.17152214	1	1	1	0
RGFEVIAAAKSAVEAACPKTVSCA	WPTP	2378.20863593	1	1	1	0
RGFEVIAAAKSAVEAACPKTVSCAD	WPTP	2493.23557896	1	1	1	0
RGFEVIAAAKSAVEAACPKTVSCADI	WPTP	2606.31964294	1	1	1	0
RGFEVIAAAKSAVEAACPKTVSCADIL	WPTP	2719.40370692	1	2	1	1
RGFEVIAAAKSAVEAACPKTVSCADILA	WPTP	2790.44082071	2	1	1	0
RGFEVIAAAKSAVEAACPKTVSCADILAF	WPTP	2937.50923462	2	2	1	1
GF	WPTP	222.100442326	0	1	0	1
GFEVIAAAKSAVEAACPKTVSCADIL	WPTP	2563.30259589	1	1	0	1
GFEVIAAAKSAVEAACPKTVSCADILAF	WPTP	2781.4081236	2	1	0	1
F	WPTP	165.078978603	0	1	0	1
FEVIAAAKSAVEAACPKTVSCADIL	WPTP	2506.28113217	1	1	0	1
FEVIAAAKSAVEAACPKTVSCADILAF	WPTP	2724.38665987	2	1	0	1
	WPTP	0	0	1	1	0
E	WPTP	147.053157782	0	1	1	0
EV	WPTP	246.121571699	0	1	1	0
EVI	WPTP	359.205635679	0	1	1	0
EVIA	WPTP	430.242749467	0	1	1	0
EVIAA	WPTP	501.279863255	0	1	1	0
EVIAAA	WPTP	572.316977043	0	1	1	0
EVIAAAK	WPTP	700.41194006	0	1	1	0
EVIAAAKS	WPTP	787.44396847	0	1	1	0
EVIAAAKSA	WPTP	858.481082258	0	1	1	0
EVIAAAKSAV	WPTP	957.549496174	0	1	1	0
EVIAAAKSAVE	WPTP	1086.59208927	0	1	1	0
EVIAAAKSAVEA	WPTP	1157.62920306	0	1	1	0
EVIAAAKSAVEAA	WPTP	1228.66631685	0	1	1	0
EVIAAAKSAVEAAC	WPTP	1331.67550132	0	1	1	0
EVIAAAKSAVEAACP	WPTP	1428.72826518	0	1	1	0
EVIAAAKSAVEAACPK	WPTP	1556.82322819	0	1	1	0
EVIAAAKSAVEAACPKT	WPTP	1657.87090667	0	1	1	0
EVIAAAKSAVEAACPKTV	WPTP	1756.93932058	0	1	1	0
EVIAAAKSAVEAACPKTVS	WPTP	1843.97134899	0	1	1	0
EVIAAAKSAVEAACPKTVSC	WPTP	1946.98053347	0	1	1	0
EVIAAAKSAVEAACPKTVSCA	WPTP	2018.01764726	0	1	1	0
EVIAAAKSAVEAACPKTVSCAD	WPTP	2133.04459029	0	1	1	0
EVIAAAKSAVEAACPKTVSCADI	WPTP	2246.12865427	0	1	1	0
EVIAAAKSAVEAACPKTVSCADIL	WPTP	2359.21271825	0	2	1	1
EVIAAAKSAVEAACPKTVSCADILA	WPTP	2430.24983204	1	1	1	0
EVIAAAKSAVEAACPKTVSCADILAF	WPTP	2577.31824596	1	2	1	1
EVIAAAKSAVEAACPKTVSCADILAFA	WPTP	2648.35535974	2	1	1	0
EVIAAAKSAVEAACPKTVSCADILAFAA	WPTP	2719.39247353	2	1	1	0
EVIAAAKSAVEAACPKTVSCADILAFAAR	WPTP	2875.49358456	2	1	1	0
EVIAAAKSAVEAACPKTVSCADILAFAARD	WPTP	2990.52052759	2	1	1	0
EVIAAAKSAVEAACPKTVSCADILAFAARDS	WPTP	3077.552556	2	1	1	0
EVIAAAKSAVEAACPKTVSCADILAFAARDSA	WPTP	3148.58966979	2	1	1	0
EVIAAAKSAVEAACPKTVSCADILAFAARDSAA	WPTP	3219.62678358	2	1	1	0
EVIAAAKSAVEAACPKTVSCADILAFAARDSAAL	WPTP	3332.71084756	2	2	1	1
VIAAAKSAVEAACPKTVSCADIL	WPTP	2230.17012516	0	1	0	1
VIAAAKSAVEAACPKTVSCADILAF	WPTP	2448.27565286	1	1	0	1
VIAAAKSAVEAACPKTVSCADILAFAARDSAAL	WPTP	3203.66825446	2	1	0	1
IAAAKSAVEAACPKTVSCADIL	WPTP	2131.10171124	0	1	0	1
IAAAKSAVEAACPKTVSCADILAF	WPTP	2349.20723894	1	1	0	1
IAAAKSAVEAACPKTVSCADILAFAARDSAAL	WPTP	3104.59984055	2	1	0	1
AAAKSAVEAACPKTVSCADIL	WPTP	2018.01764726	0	1	0	1
AAAKSAVEAACPKTVSCADILAF	WPTP	2236.12317496	1	1	0	1
AAAKSAVEAACPKTVSCADILAFAARDSAAL	WPTP	2991.51577656	2	1	0	1
AAKSAVEAACPKTVSCADIL	WPTP	1946.98053347	0	1	0	1
AAKSAVEAACPKTVSCADILAF	WPTP	2165.08606118	1	1	0	1
AAKSAVEAACPKTVSCADILAFAARDSAAL	WPTP	2920.47866278	2	1	0	1
AKSAVEAACPKTVSCADIL	WPTP	1875.94341968	0	1	0	1
AKSAVEAACPKTVSCADILAF	WPTP	2094.04894739	1	1	0	1
AKSAVEAACPKTVSCADILAFAARDSAAL	WPTP	2849.44154899	2	1	0	1
KSAVEAACPKTVSCADIL	WPTP	1804.9063059	0	1	0	1
KSAVEAACPKTVSCADILAF	WPTP	2023.0118336	1	1	0	1
KSAVEAACPKTVSCADILAFAARDSAAL	WPTP	2778.4044352	2	1	0	1
SAVEAACPKTVSCADIL	WPTP	1676.81134288	0	1	0	1
SAVEAACPKTVSCADILAF	WPTP	1894.91687058	1	1	0	1
SAVEAACPKTVSCADILAFAARDSAAL	WPTP	2650.30947218	2	1	0	1
AVEAACPKTVSCADIL	WPTP	1589.77931447	0	1	0	1
AVEAACPKTVSCADILAF	WPTP	1807.88484217	1	1	0	1
AVEAACPKTVSCADILAFAARDSAAL	WPTP	2563.27744377	2	1	0	1
VEAACPKTVSCADIL	WPTP	1518.74220068	0	1	0	1
VEAACPKTVSCADILAF	WPTP	1736.84772838	1	1	0	1
VEAACPKTVSCADILAFAARDSAAL	WPTP	2492.24032999	2	1	0	1
EAACPKTVSCADIL	WPTP	1419.67378676	0	1	0	1
EAACPKTVSCADILAF	WPTP	1637.77931447	1	1	0	1
EAACPKTVSCADILAFAARDSAAL	WPTP	2393.17191607	2	1	0	1
AACPKTVSCADIL	WPTP	1290.63119367	0	1	0	1
AACPKTVSCADILAF	WPTP	1508.73672137	1	1	0	1
AACPKTVSCADILAFAARDSAAL	WPTP	2264.12932297	2	1	0	1
ACPKTVSCADIL	WPTP	1219.59407988	0	1	0	1
ACPKTVSCADILAF	WPTP	1437.69960758	1	1	0	1
ACPKTVSCADILAFAARDSAAL	WPTP	2193.09220919	2	1	0	1
CPKTVSCADIL	WPTP	1148.55696609	0	1	0	1
CPKTVSCADILAF	WPTP	1366.6624938	1	1	0	1
CPKTVSCADILAFAARDSAAL	WPTP	2122.0550954	2	1	0	1
PKTVSCADIL	WPTP	1045.54778161	0	1	0	1
PKTVSCADILAF	WPTP	1263.65330932	1	1	0	1
PKTVSCADILAFAARDSAAL	WPTP	2019.04591092	2	1	0	1
KTVSCADIL	WPTP	948.495017763	0	1	0	1
KTVSCADILAF	WPTP	1166.60054547	1	1	0	1
KTVSCADILAFAARDSAAL	WPTP	1921.99314707	2	1	0	1
TVSCADIL	WPTP	820.400054745	0	1	0	1
TVSCADILAF	WPTP	1038.50558245	1	1	0	1
TVSCADILAFAARDSAAL	WPTP	1793.89818405	2	1	0	1
VSCADIL	WPTP	719.352376271	0	1	0	1
VSCADILAF	WPTP	937.457903975	1	1	0	1
VSCADILAFAARDSAAL	WPTP	1692.85050558	2	1	0	1
SCADIL	WPTP	620.283962355	0	1	0	1
SCADILAF	WPTP	838.389490059	1	1	0	1
SCADILAFAARDSAAL	WPTP	1593.78209166	2	1	0	1
CADIL	WPTP	533.251933945	0	1	0	1
CADILAF	WPTP	751.357461649	1	1	0	1
CADILAFAARDSAAL	WPTP	1506.75006325	2	1	0	1
ADIL	WPTP	430.242749467	0	1	0	1
ADILAF	WPTP	648.348277171	1	1	0	1
ADILAFAARDSAAL	WPTP	1403.74087877	2	1	0	1
DIL	WPTP	359.205635679	0	1	0	1
DILAF	WPTP	577.311163383	1	1	0	1
DILAFAARDSAAL	WPTP	1332.70376498	2	1	0	1
IL	WPTP	244.178692647	0	1	0	1
ILAF	WPTP	462.284220351	1	1	0	1
ILAFAARDSAAL	WPTP	1217.67682195	2	1	0	1
L	WPTP	131.094628667	0	1	0	1
LAF	WPTP	349.200156371	1	1	0	1
LAFAARDSAAL	WPTP	1104.59275797	2	1	0	1
	WPTP	0	0	1	1	0
A	WPTP	89.0476784741	0	1	1	0
AF	WPTP	236.11609239	0	2	1	1
AFA	WPTP	307.153206178	1	1	1	0
AFAA	WPTP	378.190319966	1	1	1	0
AFAAR	WPTP	534.291430994	1	1	1	0
AFAARD	WPTP	649.318374026	1	1	1	0
AFAARDS	WPTP	736.350402436	1	1	1	0
AFAARDSA	WPTP	807.387516224	1	1	1	0
AFAARDSAA	WPTP	878.424630012	1	1	1	0
AFAARDSAAL	WPTP	991.508693992	1	2	1	1
AFAARDSAALA	WPTP	1062.54580778	2	1	1	0
AFAARDSAALAG	WPTP	1119.5672715	2	1	1	0
AFAARDSAALAGn	WPTP	0	2	1	1	0
AFAARDSAALAGnI	WPTP	0	2	1	1	0
AFAARDSAALAGnIT	WPTP	0	2	1	1	0
AFAARDSAALAGnITY	WPTP	0	2	2	1	1
F	WPTP	165.078978603	0	1	0	1
FAARDSAAL	WPTP	920.471580204	1	1	0	1
FAARDSAALAGnITY	WPTP	0	2	1	0	1
	WPTP	0	0	1	1	0
A	WPTP	89.0476784741	0	1	1	0
AA	WPTP	160.084792262	0	1	1	0
AAR	WPTP	316.18590329	0	1	1	0
AARD	WPTP	431.212846322	0	1	1	0
AARDS	WPTP	518.244874732	0	1	1	0
AARDSA	WPTP	589.28198852	0	1	1	0
AARDSAA	WPTP	660.319102308	0	1	1	0
AARDSAAL	WPTP	773.403166288	0	2	1	1
AARDSAALA	WPTP	844.440280076	1	1	1	0
AARDSAALAG	WPTP	901.461743799	1	1	1	0
AARDSAALAGn	WPTP	0	1	1	1	0
AARDSAALAGnI	WPTP	0	1	1	1	0
AARDSAALAGnIT	WPTP	0	1	1	1	0
AARDSAALAGnITY	WPTP	0	1	2	1	1
AARDSAALAGnITYQ	WPTP	0	2	1	1	0
AARDSAALAGnITYQV	WPTP	0	2	1	1	0
AARDSAALAGnITYQVP	WPTP	0	2	1	1	0
AARDSAALAGnITYQVPS	WPTP	0	2	1	1	0
AARDSAALAGnITYQVPSG	WPTP	0	2	1	1	0
AARDSAALAGnITYQVPSGR	WPTP	0	2	1	1	0
AARDSAALAGnITYQVPSGRR	WPTP	0	2	1	1	0
AARDSAALAGnITYQVPSGRRD	WPTP	0	2	1	1	0
AARDSAALAGnITYQVPSGRRDG	WPTP	0	2	1	1	0
AARDSAALAGnITYQVPSGRRDGn	WPTP	0	2	1	1	0
AARDSAALAGnITYQVPSGRRDGnV	WPTP	0	2	1	1	0
AARDSAALAGnITYQVPSGRRDGnVS	WPTP	0	2	1	1	0
AARDSAALAGnITYQVPSGRRDGnVSL	WPTP	0	2	2	1	1
ARDSAAL	WPTP	702.3660525	0	1	0	1
ARDSAALAGnITY	WPTP	0	1	1	0	1
ARDSAALAGnITYQVPSGRRDGnVSL	WPTP	0	2	1	0	1
RDSAAL	WPTP	631.328938712	0	1	0	1
RDSAALAGnITY	WPTP	0	1	1	0	1
RDSAALAGnITYQVPSGRRDGnVSL	WPTP	0	2	1	0	1
DSAAL	WPTP	475.227827684	0	1	0	1
DSAALAGnITY	WPTP	0	1	1	0	1
DSAALAGnITYQVPSGRRDGnVSL	WPTP	0	2	1	0	1
SAAL	WPTP	360.200884652	0	1	0	1
SAALAGnITY	WPTP	0	1	1	0	1
SAALAGnITYQVPSGRRDGnVSL	WPTP	0	2	1	0	1
AAL	WPTP	273.168856242	0	1	0	1
AALAGnITY	WPTP	0	1	1	0	1
AALAGnITYQVPSGRRDGnVSL	WPTP	0	2	1	0	1
AL	WPTP	202.131742455	0	1	0	1
ALAGnITY	WPTP	0	1	1	0	1
ALAGnITYQVPSGRRDGnVSL	WPTP	0	2	1	0	1
L	WPTP	131.094628667	0	1	0	1
LAGnITY	WPTP	0	1	1	0	1
LAGnITYQVPSGRRDGnVSL	WPTP	0	2	1	0	1
	WPTP	0	0	1	1	0
A	WPTP	89.0476784741	0	1	1	0
AG	WPTP	146.069142198	0	1	1	0
AGn	WPTP	0	0	1	1	0
AGnI	WPTP	0	0	1	1	0
AGnIT	WPTP	0	0	1	1	0
AGnITY	WPTP	0	0	2	1	1
AGnITYQ	WPTP	0	1	1	1	0
AGnITYQV	WPTP	0	1	1	1	0
AGnITYQVP	WPTP	0	1	1	1	0
AGnITYQVPS	WPTP	0	1	1	1	0
AGnITYQVPSG	WPTP	0	1	1	1	0
AGnITYQVPSGR	WPTP	0	1	1	1	0
AGnITYQVPSGRR	WPTP	0	1	1	1	0
AGnITYQVPSGRRD	WPTP	0	1	1	1	0
AGnITYQVPSGRRDG	WPTP	0	1	1	1	0
AGnITYQVPSGRRDGn	WPTP	0	1	1	1	0
AGnITYQVPSGRRDGnV	WPTP	0	1	1	1	0
AGnITYQVPSGRRDGnVS	WPTP	0	1	1	1	0
AGnITYQVPSGRRDGnVSL	WPTP	0	1	2	1	1
AGnITYQVPSGRRDGnVSLA	WPTP	0	2	1	1	0
AGnITYQVPSGRRDGnVSLAS	WPTP	0	2	1	1	0
AGnITYQVPSGRRDGnVSLASE	WPTP	0	2	1	1	0
AGnITYQVPSGRRDGnVSLASEA	WPTP	0	2	1	1	0
AGnITYQVPSGRRDGnVSLASEAL	WPTP	0	2	2	1	1
GnITY	WPTP	0	0	1	0	1
GnITYQVPSGRRDGnVSL	WPTP	0	1	1	0	1
GnITYQVPSGRRDGnVSLASEAL	WPTP	0	2	1	0	1
nITY	WPTP	0	0	1	0	1
nITYQVPSGRRDGnVSL	WPTP	0	1	1	0	1
nITYQVPSGRRDGnVSLASEAL	WPTP	0	2	1	0	1
ITY	WPTP	395.205635679	0	1	0	1
ITYQVPSGRRDGnVSL	WPTP	0	1	1	0	1
ITYQVPSGRRDGnVSLASEAL	WPTP	0	2	1	0	1
TY	WPTP	282.121571699	0	1	0	1
TYQVPSGRRDGnVSL	WPTP	0	1	1	0	1
TYQVPSGRRDGnVSLASEAL	WPTP	0	2	1	0	1
Y	WPTP	181.073893225	0	1	0	1
YQVPSGRRDGnVSL	WPTP	0	1	1	0	1
YQVPSGRRDGnVSLASEAL	WPTP	0	2	1	0	1
	WPTP	0	0	1	1	0
Q	WPTP	146.069142198	0	1	1	0
QV	WPTP	245.137556114	0	1	1	0
QVP	WPTP	342.190319966	0	1	1	0
QVPS	WPTP	429.222348376	0	1	1	0
QVPSG	WPTP	486.243812099	0	1	1	0
QVPSGR	WPTP	642.344923127	0	1	1	0
QVPSGRR	WPTP	798.446034156	0	1	1	0
QVPSGRRD	WPTP	913.472977188	0	1	1	0
QVPSGRRDG	WPTP	970.494440911	0	1	1	0
QVPSGRRDGn	WPTP	0	0	1	1	0
QVPSGRRDGnV	WPTP	0	0	1	1	0
QVPSGRRDGnVS	WPTP	0	0	1	1	0
QVPSGRRDGnVSL	WPTP	0	0	2	1	1
QVPSGRRDGnVSLA	WPTP	0	1	1	1	0
QVPSGRRDGnVSLAS	WPTP	0	1	1	1	0
QVPSGRRDGnVSLASE	WPTP	0	1	1	1	0
QVPSGRRDGnVSLASEA	WPTP	0	1	1	1	0
QVPSGRRDGnVSLASEAL	WPTP	0	1	2	1	1
QVPSGRRDGnVSLASEALT	WPTP	0	2	1	1	0
QVPSGRRDGnVSLASEALTN	WPTP	0	2	1	1	0
QVPSGRRDGnVSLASEALTNI	WPTP	0	2	1	1	0
QVPSGRRDGnVSLASEALTNIP	WPTP	0	2	1	1	0
QVPSGRRDGnVSLASEALTNIPA	WPTP	0	2	1	1	0
QVPSGRRDGnVSLASEALTNIPAP	WPTP	0	2	1	1	0
QVPSGRRDGnVSLASEALTNIPAPT	WPTP	0	2	1	1	0
QVPSGRRDGnVSLASEALTNIPAPTF	WPTP	0	2	2	1	1
VPSGRRDGnVSL	WPTP	0	0	1	0	1
VPSGRRDGnVSLASEAL	WPTP	0	1	1	0	1
VPSGRRDGnVSLASEALTNIPAPTF	WPTP	0	2	1	0	1
PSGRRDGnVSL	WPTP	0	0	1	0	1
PSGRRDGnVSLASEAL	WPTP	0	1	1	0	1
PSGRRDGnVSLASEALTNIPAPTF	WPTP	0	2	1	0	1
SGRRDGnVSL	WPTP	0	0	1	0	1
SGRRDGnVSLASEAL	WPTP	0	1	1	0	1
SGRRDGnVSLASEALTNIPAPTF	WPTP	0	2	1	0	1
GRRDGnVSL	WPTP	0	0	1	0	1
GRRDGnVSLASEAL	WPTP	0	1	1	0	1
GRRDGnVSLASEALTNIPAPTF	WPTP	0	2	1	0	1
RRDGnVSL	WPTP	0	0	1	0	1
RRDGnVSLASEAL	WPTP	0	1	1	0	1
RRDGnVSLASEALTNIPAPTF	WPTP	0	2	1	0	1
RDGnVSL	WPTP	0	0	1	0	1
RDGnVSLASEAL	WPTP	0	1	1	0	1
RDGnVSLASEALTNIPAPTF	WPTP	0	2	1	0	1
DGnVSL	WPTP	0	0	1	0	1
DGnVSLASEAL	WPTP	0	1	1	0	1
DGnVSLASEALTNIPAPTF	WPTP	0	2	1	0	1
GnVSL	WPTP	0	0	1	0	1
GnVSLASEAL	WPTP	0	1	1	0	1
GnVSLASEALTNIPAPTF	WPTP	0	2	1	0	1
nVSL	WPTP	0	0	1	0	1
nVSLASEAL	WPTP	0	1	1	0	1
nVSLASEALTNIPAPTF	WPTP	0	2	1	0	1
VSL	WPTP	317.195070993	0	1	0	1
VSLASEAL	WPTP	788.427984055	1	1	0	1
VSLASEALTNIPAPTF	WPTP	1629.86138784	2	1	0	1
SL	WPTP	218.126657077	0	1	0	1
SLASEAL	WPTP	689.359570139	1	1	0	1
SLASEALTNIPAPTF	WPTP	1530.79297392	2	1	0	1
L	WPTP	131.094628667	0	1	0	1
LASEAL	WPTP	602.327541729	1	1	0	1
LASEALTNIPAPTF	WPTP	1443.76094551	2	1	0	1
	WPTP	0	0	1	1	0
A	WPTP	89.0476784741	0	1	1	0
AS	WPTP	176.079706884	0	1	1	0
ASE	WPTP	305.12229998	0	1	1	0
ASEA	WPTP	376.159413768	0	1	1	0
ASEAL	WPTP	489.243477748	0	2	1	1
ASEALT	WPTP	590.291156223	1	1	1	0
ASEALTN	WPTP	704.33408367	1	1	1	0
ASEALTNI	WPTP	817.41814765	1	1	1	0
ASEALTNIP	WPTP	914.470911502	1	1	1	0
ASEALTNIPA	WPTP	985.50802529	1	1	1	0
ASEALTNIPAP	WPTP	1082.56078914	1	1	1	0
ASEALTNIPAPT	WPTP	1183.60846762	1	1	1	0
ASEALTNIPAPTF	WPTP	1330.67688153	1	2	1	1
ASEALTNIPAPTFn	WPTP	0	2	1	1	0
ASEALTNIPAPTFnA	WPTP	0	2	1	1	0
ASEALTNIPAPTFnAT	WPTP	0	2	1	1	0
ASEALTNIPAPTFnATQ	WPTP	0	2	1	1	0
ASEALTNIPAPTFnATQL	WPTP	0	2	2	1	1
SEAL	WPTP	418.206363961	0	1	0	1
SEALTNIPAPTF	WPTP	1259.63976774	1	1	0	1
SEALTNIPAPTFnATQL	WPTP	0	2	1	0	1
EAL	WPTP	331.174335551	0	1	0	1
EALTNIPAPTF	WPTP	1172.60773933	1	1	0	1
EALTNIPAPTFnATQL	WPTP	0	2	1	0	1
AL	WPTP	202.131742455	0	1	0	1
ALTNIPAPTF	WPTP	1043.56514624	1	1	0	1
ALTNIPAPTFnATQL	WPTP	0	2	1	0	1
L	WPTP	131.094628667	0	1	0	1
LTNIPAPTF	WPTP	972.52803245	1	1	0	1
LTNIPAPTFnATQL	WPTP	0	2	1	0	1
	WPTP	0	0	1	1	0
T	WPTP	119.05824316	0	1	1	0
TN	WPTP	233.101170608	0	1	1	0
TNI	WPTP	346.185234588	0	1	1	0
TNIP	WPTP	443.23799844	0	1	1	0
TNIPA	WPTP	514.275112228	0	1	1	0
TNIPAP	WPTP	611.32787608	0	1	1	0
TNIPAPT	WPTP	712.375554554	0	1	1	0
TNIPAPTF	WPTP	859.44396847	0	2	1	1
TNIPAPTFn	WPTP	0	1	1	1	0
TNIPAPTFnA	WPTP	0	1	1	1	0
TNIPAPTFnAT	WPTP	0	1	1	1	0
TNIPAPTFnATQ	WPTP	0	1	1	1	0
TNIPAPTFnATQL	WPTP	0	1	2	1	1
TNIPAPTFnATQLI	WPTP	0	2	1	1	0
TNIPAPTFnATQLIN	WPTP	0	2	1	1	0
TNIPAPTFnATQLINS	WPTP	0	2	1	1	0
TNIPAPTFnATQLINSF	WPTP	0	2	2	1	1
NIPAPTF	WPTP	758.396289996	0	1	0	1
NIPAPTFnATQL	WPTP	0	1	1	0	1
NIPAPTFnATQLINSF	WPTP	0	2	1	0	1
IPAPTF	WPTP	644.353362549	0	1	0	1
IPAPTFnATQL	WPTP	0	1	1	0	1
IPAPTFnATQLINSF	WPTP	0	2	1	0	1
PAPTF	WPTP	531.269298568	0	1	0	1
PAPTFnATQL	WPTP	0	1	1	0	1
PAPTFnATQLINSF	WPTP	0	2	1	0	1
APTF	WPTP	434.216534716	0	1	0	1
APTFnATQL	WPTP	0	1	1	0	1
APTFnATQLINSF	WPTP	0	2	1	0	1
PTF	WPTP	363.179420929	0	1	0	1
PTFnATQL	WPTP	0	1	1	0	1
PTFnATQLINSF	WPTP	0	2	1	0	1
TF	WPTP	266.126657077	0	1	0	1
TFnATQL	WPTP	0	1	1	0	1
TFnATQLINSF	WPTP	0	2	1	0	1
F	WPTP	165.078978603	0	1	0	1
FnATQL	WPTP	0	1	1	0	1
FnATQLINSF	WPTP	0	2	1	0	1
	WPTP	0	0	1	1	0
n	WPTP	0	0	1	1	0
nA	WPTP	0	0	1	1	0
nAT	WPTP	0	0	1	1	0
nATQ	WPTP	0	0	1	1	0
nATQL	WPTP	0	0	2	1	1
nATQLI	WPTP	0	1	1	1	0
nATQLIN	WPTP	0	1	1	1	0
nATQLINS	WPTP	0	1	1	1	0
nATQLINSF	WPTP	0	1	2	1	1
nATQLINSFA	WPTP	0	2	1	1	0
nATQLINSFAG	WPTP	0	2	1	1	0
nATQLINSFAGK	WPTP	0	2	1	1	0
nATQLINSFAGKn	WPTP	0	2	1	1	0
nATQLINSFAGKnL	WPTP	0	2	2	1	1
ATQL	WPTP	431.23799844	0	1	0	1
ATQLINSF	WPTP	892.465432194	1	1	0	1
ATQLINSFAGKnL	WPTP	0	2	1	0	1
TQL	WPTP	360.200884652	0	1	0	1
TQLINSF	WPTP	821.428318406	1	1	0	1
TQLINSFAGKnL	WPTP	0	2	1	0	1
QL	WPTP	259.153206178	0	1	0	1
QLINSF	WPTP	720.380639932	1	1	0	1
QLINSFAGKnL	WPTP	0	2	1	0	1
L	WPTP	131.094628667	0	1	0	1
LINSF	WPTP	592.32206242	1	1	0	1
LINSFAGKnL	WPTP	0	2	1	0	1
	WPTP	0	0	1	1	0
I	WPTP	131.094628667	0	1	1	0
IN	WPTP	245.137556114	0	1	1	0
INS	WPTP	332.169584524	0	1	1	0
INSF	WPTP	479.23799844	0	2	1	1
INSFA	WPTP	550.275112228	1	1	1	0
INSFAG	WPTP	607.296575951	1	1	1	0
INSFAGK	WPTP	735.391538969	1	1	1	0
INSFAGKn	WPTP	0	1	1	1	0
INSFAGKnL	WPTP	0	1	2	1	1
INSFAGKnLT	WPTP	0	2	1	1	0
INSFAGKnLTA	WPTP	0	2	1	1	0
INSFAGKnLTAD	WPTP	0	2	1	1	0
INSFAGKnLTADE	WPTP	0	2	1	1	0
INSFAGKnLTADEM	WPTP	0	2	1	1	0
INSFAGKnLTADEMV	WPTP	0	2	1	1	0
INSFAGKnLTADEMVT	WPTP	0	2	1	1	0
INSFAGKnLTADEMVTL	WPTP	0	2	2	1	1
NSF	WPTP	366.15393446	0	1	0	1
NSFAGKnL	WPTP	0	1	1	0	1
NSFAGKnLTADEMVTL	WPTP	0	2	1	0	1
SF	WPTP	252.111007012	0	1	0	1
SFAGKnL	WPTP	0	1	1	0	1
SFAGKnLTADEMVTL	WPTP	0	2	1	0	1
F	WPTP	165.078978603	0	1	0	1
FAGKnL	WPTP	0	1	1	0	1
FAGKnLTADEMVTL	WPTP	0	2	1	0	1
	WPTP	0	0	1	1	0
A	WPTP	89.0476784741	0	1	1	0
AG	WPTP	146.069142198	0	1	1	0
AGK	WPTP	274.164105215	0	1	1	0
AGKn	WPTP	0	0	1	1	0
AGKnL	WPTP	0	0	2	1	1
AGKnLT	WPTP	0	1	1	1	0
AGKnLTA	WPTP	0	1	1	1	0
AGKnLTAD	WPTP	0	1	1	1	0
AGKnLTADE	WPTP	0	1	1	1	0
AGKnLTADEM	WPTP	0	1	1	1	0
AGKnLTADEMV	WPTP	0	1	1	1	0
AGKnLTADEMVT	WPTP	0	1	1	1	0
AGKnLTADEMVTL	WPTP	0	1	2	1	1
AGKnLTADEMVTLS	WPTP	0	2	1	1	0
AGKnLTADEMVTLSG	WPTP	0	2	1	1	0
AGKnLTADEMVTLSGA	WPTP	0	2	1	1	0
AGKnLTADEMVTLSGAH	WPTP	0	2	1	1	0
AGKnLTADEMVTLSGAHS	WPTP	0	2	1	1	0
AGKnLTADEMVTLSGAHSI	WPTP	0	2	1	1	0
AGKnLTADEMVTLSGAHSIG	WPTP	0	2	1	1	0
AGKnLTADEMVTLSGAHSIGV	WPTP	0	2	1	1	0
AGKnLTADEMVTLSGAHSIGVS	WPTP	0	2	1	1	0
AGKnLTADEMVTLSGAHSIGVSH	WPTP	0	2	1	1	0
AGKnLTADEMVTLSGAHSIGVSHC	WPTP	0	2	1	1	0
AGKnLTADEMVTLSGAHSIGVSHCF	WPTP	0	2	2	1	1
GKnL	WPTP	0	0	1	0	1
GKnLTADEMVTL	WPTP	0	1	1	0	1
GKnLTADEMVTLSGAHSIGVSHCF	WPTP	0	2	1	0	1
KnL	WPTP	0	0	1	0	1
KnLTADEMVTL	WPTP	0	1	1	0	1
KnLTADEMVTLSGAHSIGVSHCF	WPTP	0	2	1	0	1
nL	WPTP	0	0	1	0	1
nLTADEMVTL	WPTP	0	1	1	0	1
nLTADEMVTLSGAHSIGVSHCF	WPTP	0	2	1	0	1
L	WPTP	131.094628667	0	1	0	1
LTADEMVTL	WPTP	991.489598034	1	1	0	1
LTADEMVTLSGAHSIGVSHCF	WPTP	2174.01362451	2	1	0	1
	WPTP	0	0	1	1	0
T	WPTP	119.05824316	0	1	1	0
TA	WPTP	190.095356948	0	1	1	0
TAD	WPTP	305.12229998	0	1	1	0
TADE	WPTP	434.164893076	0	1	1	0
TADEM	WPTP	565.205377683	0	1	1	0
TADEMV	WPTP	664.273791599	0	1	1	0
TADEMVT	WPTP	765.321470073	0	1	1	0
TADEMVTL	WPTP	878.405534053	0	2	1	1
TADEMVTLS	WPTP	965.437562463	1	1	1	0
TADEMVTLSG	WPTP	1022.45902619	1	1	1	0
TADEMVTLSGA	WPTP	1093.49613997	1	1	1	0
TADEMVTLSGAH	WPTP	1230.55505184	1	1	1	0
TADEMVTLSGAHS	WPTP	1317.58708025	1	1	1	0
TADEMVTLSGAHSI	WPTP	1430.67114423	1	1	1	0
TADEMVTLSGAHSIG	WPTP	1487.69260795	1	1	1	0
TADEMVTLSGAHSIGV	WPTP	1586.76102187	1	1	1	0
TADEMVTLSGAHSIGVS	WPTP	1673.79305028	1	1	1	0
TADEMVTLSGAHSIGVSH	WPTP	1810.85196214	1	1	1	0
TADEMVTLSGAHSIGVSHC	WPTP	1913.86114662	1	1	1	0
TADEMVTLSGAHSIGVSHCF	WPTP	2060.92956053	1	2	1	1
TADEMVTLSGAHSIGVSHCFS	WPTP	2147.96158894	2	1	1	0
TADEMVTLSGAHSIGVSHCFSF	WPTP	2295.03000286	2	2	1	1
ADEMVTL	WPTP	777.357855579	0	1	0	1
ADEMVTLSGAHSIGVSHCF	WPTP	1959.88188206	1	1	0	1
ADEMVTLSGAHSIGVSHCFSF	WPTP	2193.98232439	2	1	0	1
DEMVTL	WPTP	706.320741791	0	1	0	1
DEMVTLSGAHSIGVSHCF	WPTP	1888.84476827	1	1	0	1
DEMVTLSGAHSIGVSHCFSF	WPTP	2122.9452106	2	1	0	1
EMVTL	WPTP	591.293798759	0	1	0	1
EMVTLSGAHSIGVSHCF	WPTP	1773.81782524	1	1	0	1
EMVTLSGAHSIGVSHCFSF	WPTP	2007.91826757	2	1	0	1
MVTL	WPTP	462.251205663	0	1	0	1
MVTLSGAHSIGVSHCF	WPTP	1644.77523214	1	1	0	1
MVTLSGAHSIGVSHCFSF	WPTP	1878.87567447	2	1	0	1
VTL	WPTP	331.210721057	0	1	0	1
VTLSGAHSIGVSHCF	WPTP	1513.73474754	1	1	0	1
VTLSGAHSIGVSHCFSF	WPTP	1747.83518986	2	1	0	1
TL	WPTP	232.142307141	0	1	0	1
TLSGAHSIGVSHCF	WPTP	1414.66633362	1	1	0	1
TLSGAHSIGVSHCFSF	WPTP	1648.76677595	2	1	0	1
L	WPTP	131.094628667	0	1	0	1
LSGAHSIGVSHCF	WPTP	1313.61865515	1	1	0	1
LSGAHSIGVSHCFSF	WPTP	1547.71909747	2	1	0	1
	WPTP	0	0	1	1	0
S	WPTP	105.042593096	0	1	1	0
SG	WPTP	162.06405682	0	1	1	0
SGA	WPTP	233.101170608	0	1	1	0
SGAH	WPTP	370.16008247	0	1	1	0
SGAHS	WPTP	457.19211088	0	1	1	0
SGAHSI	WPTP	570.27617486	0	1	1	0
SGAHSIG	WPTP	627.297638584	0	1	1	0
SGAHSIGV	WPTP	726.3660525	0	1	1	0
SGAHSIGVS	WPTP	813.39808091	0	1	1	0
SGAHSIGVSH	WPTP	950.456992772	0	1	1	0
SGAHSIGVSHC	WPTP	1053.46617725	0	1	1	0
SGAHSIGVSHCF	WPTP	1200.53459117	0	2	1	1
SGAHSIGVSHCFS	WPTP	1287.56661958	1	1	1	0
SGAHSIGVSHCFSF	WPTP	1434.63503349	1	2	1	1
SGAHSIGVSHCFSFL	WPTP	1547.71909747	2	2	1	1
GAHSIGVSHCF	WPTP	1113.50256276	0	1	0	1
GAHSIGVSHCFSF	WPTP	1347.60300508	1	1	0	1
GAHSIGVSHCFSFL	WPTP	1460.68706906	2	1	0	1
AHSIGVSHCF	WPTP	1056.48109903	0	1	0	1
AHSIGVSHCFSF	WPTP	1290.58154136	1	1	0	1
AHSIGVSHCFSFL	WPTP	1403.66560534	2	1	0	1
HSIGVSHCF	WPTP	985.443985245	0	1	0	1
HSIGVSHCFSF	WPTP	1219.54442757	1	1	0	1
HSIGVSHCFSFL	WPTP	1332.62849155	2	1	0	1
SIGVSHCF	WPTP	848.385073383	0	1	0	1
SIGVSHCFSF	WPTP	1082.48551571	1	1	0	1
SIGVSHCFSFL	WPTP	1195.56957969	2	1	0	1
IGVSHCF	WPTP	761.353044973	0	1	0	1
IGVSHCFSF	WPTP	995.453487299	1	1	0	1
IGVSHCFSFL	WPTP	1108.53755128	2	1	0	1
GVSHCF	WPTP	648.268980992	0	1	0	1
GVSHCFSF	WPTP	882.369423319	1	1	0	1
GVSHCFSFL	WPTP	995.453487299	2	1	0	1
VSHCF	WPTP	591.247517269	0	1	0	1
VSHCFSF	WPTP	825.347959595	1	1	0	1
VSHCFSFL	WPTP	938.432023575	2	1	0	1
SHCF	WPTP	492.179103353	0	1	0	1
SHCFSF	WPTP	726.279545679	1	1	0	1
SHCFSFL	WPTP	839.363609659	2	1	0	1
HCF	WPTP	405.147074943	0	1	0	1
HCFSF	WPTP	639.247517269	1	1	0	1
HCFSFL	WPTP	752.331581249	2	1	0	1
CF	WPTP	268.08816308	0	1	0	1
CFSF	WPTP	502.188605406	1	1	0	1
CFSFL	WPTP	615.272669387	2	1	0	1
F	WPTP	165.078978603	0	1	0	1
FSF	WPTP	399.179420929	1	1	0	1
FSFL	WPTP	512.263484909	2	1	0	1
	WPTP	0	0	1	1	0
S	WPTP	105.042593096	0	1	1	0
SF	WPTP	252.111007012	0	2	1	1
SFL	WPTP	365.195070993	1	2	1	1
SFLN	WPTP	479.23799844	2	1	1	0
SFLNR	WPTP	635.339109468	2	1	1	0
SFLNRI	WPTP	748.423173448	2	1	1	0
SFLNRIY	WPTP	911.486501987	2	2	1	1
F	WPTP	165.078978603	0	1	0	1
FL	WPTP	278.163042583	1	1	0	1
FLNRIY	WPTP	824.454473577	2	1	0	1
	WPTP	0	0	1	1	0
L	WPTP	131.094628667	0	2	1	1
LN	WPTP	245.137556114	1	1	1	0
LNR	WPTP	401.238667142	1	1	1	0
LNRI	WPTP	514.322731122	1	1	1	0
LNRIY	WPTP	677.386059661	1	2	1	1
LNRIYn	WPTP	0	2	1	1	0
LNRIYnF	WPTP	0	2	2	1	1
	WPTP	0	0	1	1	0
N	WPTP	132.053492134	0	1	1	0
NR	WPTP	288.154603162	0	1	1	0
NRI	WPTP	401.238667142	0	1	1	0
NRIY	WPTP	564.30199568	0	2	1	1
NRIYn	WPTP	0	1	1	1	0
NRIYnF	WPTP	0	1	2	1	1
NRIYnFS	WPTP	0	2	1	1	0
NRIYnFSn	WPTP	0	2	1	1	0
NRIYnFSnT	WPTP	0	2	1	1	0
NRIYnFSnTS	WPTP	0	2	1	1	0
NRIYnFSnTSQ	WPTP	0	2	1	1	0
NRIYnFSnTSQV	WPTP	0	2	1	1	0
NRIYnFSnTSQVD	WPTP	0	2	1	1	0
NRIYnFSnTSQVDP	WPTP	0	2	1	1	0
NRIYnFSnTSQVDPT	WPTP	0	2	1	1	0
NRIYnFSnTSQVDPTL	WPTP	0	2	2	1	1
RIY	WPTP	450.259068233	0	1	0	1
RIYnF	WPTP	0	1	1	0	1
RIYnFSnTSQVDPTL	WPTP	0	2	1	0	1
IY	WPTP	294.157957205	0	1	0	1
IYnF	WPTP	0	1	1	0	1
IYnFSnTSQVDPTL	WPTP	0	2	1	0	1
Y	WPTP	181.073893225	0	1	0	1
YnF	WPTP	0	1	1	0	1
YnFSnTSQVDPTL	WPTP	0	2	1	0	1
	WPTP	0	0	1	1	0
n	WPTP	0	0	1	1	0
nF	WPTP	0	0	2	1	1
nFS	WPTP	0	1	1	1	0
nFSn	WPTP	0	1	1	1	0
nFSnT	WPTP	0	1	1	1	0
nFSnTS	WPTP	0	1	1	1	0
nFSnTSQ	WPTP	0	1	1	1	0
nFSnTSQV	WPTP	0	1	1	1	0
nFSnTSQVD	WPTP	0	1	1	1	0
nFSnTSQVDP	WPTP	0	1	1	1	0
nFSnTSQVDPT	WPTP	0	1	1	1	0
nFSnTSQVDPTL	WPTP	0	1	2	1	1
nFSnTSQVDPTLS	WPTP	0	2	1	1	0
nFSnTSQVDPTLSS	WPTP	0	2	1	1	0
nFSnTSQVDPTLSSS	WPTP	0	2	1	1	0
nFSnTSQVDPTLSSSY	WPTP	0	2	2	1	1
F	WPTP	165.078978603	0	1	0	1
FSnTSQVDPTL	WPTP	0	1	1	0	1
FSnTSQVDPTLSSSY	WPTP	0	2	1	0	1
	WPTP	0	0	1	1	0
S	WPTP	105.042593096	0	1	1	0
Sn	WPTP	0	0	1	1	0
SnT	WPTP	0	0	1	1	0
SnTS	WPTP	0	0	1	1	0
SnTSQ	WPTP	0	0	1	1	0
SnTSQV	WPTP	0	0	1	1	0
SnTSQVD	WPTP	0	0	1	1	0
SnTSQVDP	WPTP	0	0	1	1	0
SnTSQVDPT	WPTP	0	0	1	1	0
SnTSQVDPTL	WPTP	0	0	2	1	1
SnTSQVDPTLS	WPTP	0	1	1	1	0
SnTSQVDPTLSS	WPTP	0	1	1	1	0
SnTSQVDPTLSSS	WPTP	0	1	1	1	0
SnTSQVDPTLSSSY	WPTP	0	1	2	1	1
SnTSQVDPTLSSSYA	WPTP	0	2	1	1	0
SnTSQVDPTLSSSYAD	WPTP	0	2	1	1	0
SnTSQVDPTLSSSYADL	WPTP	0	2	2	1	1
nTSQVDPTL	WPTP	0	0	1	0	1
nTSQVDPTLSSSY	WPTP	0	1	1	0	1
nTSQVDPTLSSSYADL	WPTP	0	2	1	0	1
TSQVDPTL	WPTP	859.428712336	0	1	0	1
TSQVDPTLSSSY	WPTP	1283.5881261	1	1	0	1
TSQVDPTLSSSYADL	WPTP	1582.7362469	2	1	0	1
SQVDPTL	WPTP	758.381033862	0	1	0	1
SQVDPTLSSSY	WPTP	1182.54044763	1	1	0	1
SQVDPTLSSSYADL	WPTP	1481.68856843	2	1	0	1
QVDPTL	WPTP	671.349005452	0	1	0	1
QVDPTLSSSY	WPTP	1095.50841922	1	1	0	1
QVDPTLSSSYADL	WPTP	1394.65654002	2	1	0	1
VDPTL	WPTP	543.290427941	0	1	0	1
VDPTLSSSY	WPTP	967.449841709	1	1	0	1
VDPTLSSSYADL	WPTP	1266.59796251	2	1	0	1
DPTL	WPTP	444.222014025	0	1	0	1
DPTLSSSY	WPTP	868.381427793	1	1	0	1
DPTLSSSYADL	WPTP	1167.52954859	2	1	0	1
PTL	WPTP	329.195070993	0	1	0	1
PTLSSSY	WPTP	753.354484761	1	1	0	1
PTLSSSYADL	WPTP	1052.50260556	2	1	0	1
TL	WPTP	232.142307141	0	1	0	1
TLSSSY	WPTP	656.301720909	1	1	0	1
TLSSSYADL	WPTP	955.449841709	2	1	0	1
L	WPTP	131.094628667	0	1	0	1
LSSSY	WPTP	555.254042435	1	1	0	1
LSSSYADL	WPTP	854.402163235	2	1	0	1
	WPTP	0	0	1	1	0
S	WPTP	105.042593096	0	1	1	0
SS	WPTP	192.074621506	0	1	1	0
SSS	WPTP	279.106649916	0	1	1	0
SSSY	WPTP	442.169978454	0	2	1	1
SSSYA	WPTP	513.207092242	1	1	1	0
SSSYAD	WPTP	628.234035274	1	1	1	0
SSSYADL	WPTP	741.318099255	1	2	1	1
SSSYADLL	WPTP	854.402163235	2	2	1	1
SSY	WPTP	355.137950044	0	1	0	1
SSYADL	WPTP	654.286070845	1	1	0	1
SSYADLL	WPTP	767.370134825	2	1	0	1
SY	WPTP	268.105921635	0	1	0	1
SYADL	WPTP	567.254042435	1	1	0	1
SYADLL	WPTP	680.338106415	2	1	0	1
Y	WPTP	181.073893225	0	1	0	1
YADL	WPTP	480.222014025	1	1	0	1
YADLL	WPTP	593.306078005	2	1	0	1
	WPTP	0	0	1	1	0
A	WPTP	89.0476784741	0	1	1	0
AD	WPTP	204.074621506	0	1	1	0
ADL	WPTP	317.158685487	0	2	1	1
ADLL	WPTP	430.242749467	1	2	1	1
ADLLR	WPTP	586.343860495	2	1	1	0
ADLLRT	WPTP	687.391538969	2	1	1	0
ADLLRTK	WPTP	815.486501987	2	1	1	0
ADLLRTKC	WPTP	918.495686465	2	1	1	0
ADLLRTKCP	WPTP	1015.54845032	2	1	1	0
ADLLRTKCPS	WPTP	1102.58047873	2	1	1	0
ADLLRTKCPSn	WPTP	0	2	1	1	0
ADLLRTKCPSnS	WPTP	0	2	1	1	0
ADLLRTKCPSnST	WPTP	0	2	1	1	0
ADLLRTKCPSnSTR	WPTP	0	2	1	1	0
ADLLRTKCPSnSTRF	WPTP	0	2	2	1	1
DL	WPTP	246.121571699	0	1	0	1
DLL	WPTP	359.205635679	1	1	0	1
DLLRTKCPSnSTRF	WPTP	0	2	1	0	1
L	WPTP	131.094628667	0	1	0	1
LL	WPTP	244.178692647	1	1	0	1
LLRTKCPSnSTRF	WPTP	0	2	1	0	1
	WPTP	0	0	1	1	0
L	WPTP	131.094628667	0	2	1	1
LR	WPTP	287.195739695	1	1	1	0
LRT	WPTP	388.243418169	1	1	1	0
LRTK	WPTP	516.338381187	1	1	1	0
LRTKC	WPTP	619.347565664	1	1	1	0
LRTKCP	WPTP	716.400329516	1	1	1	0
LRTKCPS	WPTP	803.432357926	1	1	1	0
LRTKCPSn	WPTP	0	1	1	1	0
LRTKCPSnS	WPTP	0	1	1	1	0
LRTKCPSnST	WPTP	0	1	1	1	0
LRTKCPSnSTR	WPTP	0	1	1	1	0
LRTKCPSnSTRF	WPTP	0	1	2	1	1
LRTKCPSnSTRFT	WPTP	0	2	1	1	0
LRTKCPSnSTRFTP	WPTP	0	2	1	1	0
LRTKCPSnSTRFTPI	WPTP	0	2	1	1	0
LRTKCPSnSTRFTPIT	WPTP	0	2	1	1	0
LRTKCPSnSTRFTPITV	WPTP	0	2	1	1	0
LRTKCPSnSTRFTPITVS	WPTP	0	2	1	1	0
LRTKCPSnSTRFTPITVSL	WPTP	0	2	2	1	1
	WPTP	0	0	1	1	0
R	WPTP	174.111675714	0	1	1	0
RT	WPTP	275.159354188	0	1	1	0
RTK	WPTP	403.254317206	0	1	1	0
RTKC	WPTP	506.263501684	0	1	1	0
RTKCP	WPTP	603.316265536	0	1	1	0
RTKCPS	WPTP	690.348293946	0	1	1	0
RTKCPSn	WPTP	0	0	1	1	0
RTKCPSnS	WPTP	0	0	1	1	0
RTKCPSnST	WPTP	0	0	1	1	0
RTKCPSnSTR	WPTP	0	0	1	1	0
RTKCPSnSTRF	WPTP	0	0	2	1	1
RTKCPSnSTRFT	WPTP	0	1	1	1	0
RTKCPSnSTRFTP	WPTP	0	1	1	1	0
RTKCPSnSTRFTPI	WPTP	0	1	1	1	0
RTKCPSnSTRFTPIT	WPTP	0	1	1	1	0
RTKCPSnSTRFTPITV	WPTP	0	1	1	1	0
RTKCPSnSTRFTPITVS	WPTP	0	1	1	1	0
RTKCPSnSTRFTPITVSL	WPTP	0	1	2	1	1
RTKCPSnSTRFTPITVSLD	WPTP	0	2	1	1	0
RTKCPSnSTRFTPITVSLDI	WPTP	0	2	1	1	0
RTKCPSnSTRFTPITVSLDII	WPTP	0	2	1	1	0
RTKCPSnSTRFTPITVSLDIIT	WPTP	0	2	1	1	0
RTKCPSnSTRFTPITVSLDIITP	WPTP	0	2	1	1	0
RTKCPSnSTRFTPITVSLDIITPT	WPTP	0	2	1	1	0
RTKCPSnSTRFTPITVSLDIITPTV	WPTP	0	2	1	1	0
RTKCPSnSTRFTPITVSLDIITPTVL	WPTP	0	2	2	1	1
TKCPSnSTRF	WPTP	0	0	1	0	1
TKCPSnSTRFTPITVSL	WPTP	0	1	1	0	1
TKCPSnSTRFTPITVSLDIITPTVL	WPTP	0	2	1	0	1
KCPSnSTRF	WPTP	0	0	1	0	1
KCPSnSTRFTPITVSL	WPTP	0	1	1	0	1
KCPSnSTRFTPITVSLDIITPTVL	WPTP	0	2	1	0	1
CPSnSTRF	WPTP	0	0	1	0	1
CPSnSTRFTPITVSL	WPTP	0	1	1	0	1
CPSnSTRFTPITVSLDIITPTVL	WPTP	0	2	1	0	1
PSnSTRF	WPTP	0	0	1	0	1
PSnSTRFTPITVSL	WPTP	0	1	1	0	1
PSnSTRFTPITVSLDIITPTVL	WPTP	0	2	1	0	1
SnSTRF	WPTP	0	0	1	0	1
SnSTRFTPITVSL	WPTP	0	1	1	0	1
SnSTRFTPITVSLDIITPTVL	WPTP	0	2	1	0	1
nSTRF	WPTP	0	0	1	0	1
nSTRFTPITVSL	WPTP	0	1	1	0	1
nSTRFTPITVSLDIITPTVL	WPTP	0	2	1	0	1
STRF	WPTP	509.259796515	0	1	0	1
STRFTPITVSL	WPTP	1220.6764876	1	1	0	1
STRFTPITVSLDIITPTVL	WPTP	2073.17215729	2	1	0	1
TRF	WPTP	422.227768105	0	1	0	1
TRFTPITVSL	WPTP	1133.64445919	1	1	0	1
TRFTPITVSLDIITPTVL	WPTP	1986.14012888	2	1	0	1
RF	WPTP	321.180089631	0	1	0	1
RFTPITVSL	WPTP	1032.59678072	1	1	0	1
RFTPITVSLDIITPTVL	WPTP	1885.09245041	2	1	0	1
F	WPTP	165.078978603	0	1	0	1
FTPITVSL	WPTP	876.49566969	1	1	0	1
FTPITVSLDIITPTVL	WPTP	1728.99133938	2	1	0	1
	WPTP	0	0	1	1	0
T	WPTP	119.05824316	0	1	1	0
TP	WPTP	216.111007012	0	1	1	0
TPI	WPTP	329.195070993	0	1	1	0
TPIT	WPTP	430.242749467	0	1	1	0
TPITV	WPTP	529.311163383	0	1	1	0
TPITVS	WPTP	616.343191793	0	1	1	0
TPITVSL	WPTP	729.427255773	0	2	1	1
TPITVSLD	WPTP	844.454198805	1	1	1	0
TPITVSLDI	WPTP	957.538262786	1	1	1	0
TPITVSLDII	WPTP	1070.62232677	1	1	1	0
TPITVSLDIIT	WPTP	1171.67000524	1	1	1	0
TPITVSLDIITP	WPTP	1268.72276909	1	1	1	0
TPITVSLDIITPT	WPTP	1369.77044757	1	1	1	0
TPITVSLDIITPTV	WPTP	1468.83886148	1	1	1	0
TPITVSLDIITPTVL	WPTP	1581.92292546	1	2	1	1
TPITVSLDIITPTVLD	WPTP	1696.9498685	2	1	1	0
TPITVSLDIITPTVLDN	WPTP	1810.99279594	2	1	1	0
TPITVSLDIITPTVLDNR	WPTP	1967.09390697	2	1	1	0
TPITVSLDIITPTVLDNRY	WPTP	2130.15723551	2	2	1	1
PITVSL	WPTP	628.379577299	0	1	0	1
PITVSLDIITPTVL	WPTP	1480.87524699	1	1	0	1
PITVSLDIITPTVLDNRY	WPTP	2029.10955703	2	1	0	1
ITVSL	WPTP	531.326813447	0	1	0	1
ITVSLDIITPTVL	WPTP	1383.82248314	1	1	0	1
ITVSLDIITPTVLDNRY	WPTP	1932.05679318	2	1	0	1
TVSL	WPTP	418.242749467	0	1	0	1
TVSLDIITPTVL	WPTP	1270.73841916	1	1	0	1
TVSLDIITPTVLDNRY	WPTP	1818.9727292	2	1	0	1
VSL	WPTP	317.195070993	0	1	0	1
VSLDIITPTVL	WPTP	1169.69074068	1	1	0	1
VSLDIITPTVLDNRY	WPTP	1717.92505073	2	1	0	1
SL	WPTP	218.126657077	0	1	0	1
SLDIITPTVL	WPTP	1070.62232677	1	1	0	1
SLDIITPTVLDNRY	WPTP	1618.85663681	2	1	0	1
L	WPTP	131.094628667	0	1	0	1
LDIITPTVL	WPTP	983.590298356	1	1	0	1
LDIITPTVLDNRY	WPTP	1531.8246084	2	1	0	1
	WPTP	0	0	1	1	0
D	WPTP	133.037507718	0	1	1	0
DI	WPTP	246.121571699	0	1	1	0
DII	WPTP	359.205635679	0	1	1	0
DIIT	WPTP	460.253314153	0	1	1	0
DIITP	WPTP	557.306078005	0	1	1	0
DIITPT	WPTP	658.353756479	0	1	1	0
DIITPTV	WPTP	757.422170396	0	1	1	0
DIITPTVL	WPTP	870.506234376	0	2	1	1
DIITPTVLD	WPTP	985.533177408	1	1	1	0
DIITPTVLDN	WPTP	1099.57610486	1	1	1	0
DIITPTVLDNR	WPTP	1255.67721588	1	1	1	0
DIITPTVLDNRY	WPTP	1418.74054442	1	2	1	1
DIITPTVLDNRYY	WPTP	1581.80387296	2	2	1	1
IITPTVL	WPTP	755.479291344	0	1	0	1
IITPTVLDNRY	WPTP	1303.71360139	1	1	0	1
IITPTVLDNRYY	WPTP	1466.77692993	2	1	0	1
ITPTVL	WPTP	642.395227364	0	1	0	1
ITPTVLDNRY	WPTP	1190.62953741	1	1	0	1
ITPTVLDNRYY	WPTP	1353.69286595	2	1	0	1
TPTVL	WPTP	529.311163383	0	1	0	1
TPTVLDNRY	WPTP	1077.54547343	1	1	0	1
TPTVLDNRYY	WPTP	1240.60880197	2	1	0	1
PTVL	WPTP	428.263484909	0	1	0	1
PTVLDNRY	WPTP	976.497794955	1	1	0	1
PTVLDNRYY	WPTP	1139.56112349	2	1	0	1
TVL	WPTP	331.210721057	0	1	0	1
TVLDNRY	WPTP	879.445031103	1	1	0	1
TVLDNRYY	WPTP	1042.50835964	2	1	0	1
VL	WPTP	230.163042583	0	1	0	1
VLDNRY	WPTP	778.397352628	1	1	0	1
VLDNRYY	WPTP	941.460681167	2	1	0	1
L	WPTP	131.094628667	0	1	0	1
LDNRY	WPTP	679.328938712	1	1	0	1
LDNRYY	WPTP	842.392267251	2	1	0	1
	WPTP	0	0	1	1	0
D	WPTP	133.037507718	0	1	1	0
DN	WPTP	247.080435166	0	1	1	0
DNR	WPTP	403.181546194	0	1	1	0
DNRY	WPTP	566.244874732	0	2	1	1
DNRYY	WPTP	729.30820327	1	2	1	1
DNRYYT	WPTP	830.355881744	2	1	1	0
DNRYYTG	WPTP	887.377345468	2	1	1	0
DNRYYTGV	WPTP	986.445759384	2	1	1	0
DNRYYTGVQ	WPTP	1114.5043369	2	1	1	0
DNRYYTGVQL	WPTP	1227.58840088	2	2	1	1
NRY	WPTP	451.2179317	0	1	0	1
NRYY	WPTP	614.281260238	1	1	0	1
NRYYTGVQL	WPTP	1112.56145784	2	1	0	1
RY	WPTP	337.175004253	0	1	0	1
RYY	WPTP	500.238332791	1	1	0	1
RYYTGVQL	WPTP	998.518530397	2	1	0	1
Y	WPTP	181.073893225	0	1	0	1
YY	WPTP	344.137221763	1	1	0	1
YYTGVQL	WPTP	842.417419369	2	1	0	1
	WPTP	0	0	1	1	0
Y	WPTP	181.073893225	0	2	1	1
YT	WPTP	282.121571699	1	1	1	0
YTG	WPTP	339.143035422	1	1	1	0
YTGV	WPTP	438.211449339	1	1	1	0
YTGVQ	WPTP	566.27002685	1	1	1	0
YTGVQL	WPTP	679.35409083	1	2	1	1
YTGVQLT	WPTP	780.401769304	2	1	1	0
YTGVQLTL	WPTP	893.485833285	2	2	1	1
	WPTP	0	0	1	1	0
T	WPTP	119.05824316	0	1	1	0
TG	WPTP	176.079706884	0	1	1	0
TGV	WPTP	275.1481208	0	1	1	0
TGVQ	WPTP	403.206698312	0	1	1	0
TGVQL	WPTP	516.290762292	0	2	1	1
TGVQLT	WPTP	617.338440766	1	1	1	0
TGVQLTL	WPTP	730.422504747	1	2	1	1
TGVQLTLG	WPTP	787.44396847	2	1	1	0
TGVQLTLGL	WPTP	900.52803245	2	2	1	1
GVQL	WPTP	415.243083818	0	1	0	1
GVQLTL	WPTP	629.374826272	1	1	0	1
GVQLTLGL	WPTP	799.480353976	2	1	0	1
VQL	WPTP	358.221620094	0	1	0	1
VQLTL	WPTP	572.353362549	1	1	0	1
VQLTLGL	WPTP	742.458890253	2	1	0	1
QL	WPTP	259.153206178	0	1	0	1
QLTL	WPTP	473.284948633	1	1	0	1
QLTLGL	WPTP	643.390476337	2	1	0	1
L	WPTP	131.094628667	0	1	0	1
LTL	WPTP	345.226371121	1	1	0	1
LTLGL	WPTP	515.331898825	2	1	0	1
	WPTP	0	0	1	1	0
T	WPTP	119.05824316	0	1	1	0
TL	WPTP	232.142307141	0	2	1	1
TLG	WPTP	289.163770864	1	1	1	0
TLGL	WPTP	402.247834845	1	2	1	1
TLGLL	WPTP	515.331898825	2	2	1	1
L	WPTP	131.094628667	0	1	0	1
LGL	WPTP	301.200156371	1	1	0	1
LGLL	WPTP	414.284220351	2	1	0	1
	WPTP	0	0	1	1	0
G	WPTP	75.0320284099	0	1	1	0
GL	WPTP	188.11609239	0	2	1	1
GLL	WPTP	301.200156371	1	2	1	1
GLLT	WPTP	402.247834845	2	1	1	0
GLLTS	WPTP	489.279863255	2	1	1	0
GLLTSD	WPTP	604.306806287	2	1	1	0
GLLTSDQ	WPTP	732.365383798	2	1	1	0
GLLTSDQA	WPTP	803.402497586	2	1	1	0
GLLTSDQAL	WPTP	916.486561566	2	2	1	1
L	WPTP	131.094628667	0	1	0	1
LL	WPTP	244.178692647	1	1	0	1
LLTSDQAL	WPTP	859.465097843	2	1	0	1
	WPTP	0	0	1	1	0
L	WPTP	131.094628667	0	2	1	1
LT	WPTP	232.142307141	1	1	1	0
LTS	WPTP	319.174335551	1	1	1	0
LTSD	WPTP	434.201278583	1	1	1	0
LTSDQ	WPTP	562.259856094	1	1	1	0
LTSDQA	WPTP	633.296969882	1	1	1	0
LTSDQAL	WPTP	746.381033862	1	2	1	1
LTSDQALV	WPTP	845.449447779	2	1	1	0
LTSDQALVT	WPTP	946.497126253	2	1	1	0
LTSDQALVTE	WPTP	1075.53971935	2	1	1	0
LTSDQALVTEA	WPTP	1146.57683314	2	1	1	0
LTSDQALVTEAn	WPTP	0	2	1	1	0
LTSDQALVTEAnL	WPTP	0	2	2	1	1
	WPTP	0	0	1	1	0
T	WPTP	119.05824316	0	1	1	0
TS	WPTP	206.09027157	0	1	1	0
TSD	WPTP	321.117214602	0	1	1	0
TSDQ	WPTP	449.175792114	0	1	1	0
TSDQA	WPTP	520.212905901	0	1	1	0
TSDQAL	WPTP	633.296969882	0	2	1	1
TSDQALV	WPTP	732.365383798	1	1	1	0
TSDQALVT	WPTP	833.413062272	1	1	1	0
TSDQALVTE	WPTP	962.455655368	1	1	1	0
TSDQALVTEA	WPTP	1033.49276916	1	1	1	0
TSDQALVTEAn	WPTP	0	1	1	1	0
TSDQALVTEAnL	WPTP	0	1	2	1	1
TSDQALVTEAnLS	WPTP	0	2	1	1	0
TSDQALVTEAnLSA	WPTP	0	2	1	1	0
TSDQALVTEAnLSAA	WPTP	0	2	1	1	0
TSDQALVTEAnLSAAV	WPTP	0	2	1	1	0
TSDQALVTEAnLSAAVK	WPTP	0	2	1	1	0
TSDQALVTEAnLSAAVKN	WPTP	0	2	1	1	0
TSDQALVTEAnLSAAVKNN	WPTP	0	2	1	1	0
TSDQALVTEAnLSAAVKNNA	WPTP	0	2	1	1	0
TSDQALVTEAnLSAAVKNNAD	WPTP	0	2	1	1	0
TSDQALVTEAnLSAAVKNNADn	WPTP	0	2	1	1	0
TSDQALVTEAnLSAAVKNNADnL	WPTP	0	2	2	1	1
SDQAL	WPTP	532.249291408	0	1	0	1
SDQALVTEAnL	WPTP	0	1	1	0	1
SDQALVTEAnLSAAVKNNADnL	WPTP	0	2	1	0	1
DQAL	WPTP	445.217262998	0	1	0	1
DQALVTEAnL	WPTP	0	1	1	0	1
DQALVTEAnLSAAVKNNADnL	WPTP	0	2	1	0	1
QAL	WPTP	330.190319966	0	1	0	1
QALVTEAnL	WPTP	0	1	1	0	1
QALVTEAnLSAAVKNNADnL	WPTP	0	2	1	0	1
AL	WPTP	202.131742455	0	1	0	1
ALVTEAnL	WPTP	0	1	1	0	1
ALVTEAnLSAAVKNNADnL	WPTP	0	2	1	0	1
L	WPTP	131.094628667	0	1	0	1
LVTEAnL	WPTP	0	1	1	0	1
LVTEAnLSAAVKNNADnL	WPTP	0	2	1	0	1
	WPTP	0	0	1	1	0
V	WPTP	117.078978603	0	1	1	0
VT	WPTP	218.126657077	0	1	1	0
VTE	WPTP	347.169250173	0	1	1	0
VTEA	WPTP	418.206363961	0	1	1	0
VTEAn	WPTP	0	0	1	1	0
VTEAnL	WPTP	0	0	2	1	1
VTEAnLS	WPTP	0	1	1	1	0
VTEAnLSA	WPTP	0	1	1	1	0
VTEAnLSAA	WPTP	0	1	1	1	0
VTEAnLSAAV	WPTP	0	1	1	1	0
VTEAnLSAAVK	WPTP	0	1	1	1	0
VTEAnLSAAVKN	WPTP	0	1	1	1	0
VTEAnLSAAVKNN	WPTP	0	1	1	1	0
VTEAnLSAAVKNNA	WPTP	0	1	1	1	0
VTEAnLSAAVKNNAD	WPTP	0	1	1	1	0
VTEAnLSAAVKNNADn	WPTP	0	1	1	1	0
VTEAnLSAAVKNNADnL	WPTP	0	1	2	1	1
VTEAnLSAAVKNNADnLT	WPTP	0	2	1	1	0
VTEAnLSAAVKNNADnLTA	WPTP	0	2	1	1	0
VTEAnLSAAVKNNADnLTAW	WPTP	0	2	2	1	1
TEAnL	WPTP	0	0	1	0	1
TEAnLSAAVKNNADnL	WPTP	0	1	1	0	1
TEAnLSAAVKNNADnLTAW	WPTP	0	2	1	0	1
EAnL	WPTP	0	0	1	0	1
EAnLSAAVKNNADnL	WPTP	0	1	1	0	1
EAnLSAAVKNNADnLTAW	WPTP	0	2	1	0	1
AnL	WPTP	0	0	1	0	1
AnLSAAVKNNADnL	WPTP	0	1	1	0	1
AnLSAAVKNNADnLTAW	WPTP	0	2	1	0	1
nL	WPTP	0	0	1	0	1
nLSAAVKNNADnL	WPTP	0	1	1	0	1
nLSAAVKNNADnLTAW	WPTP	0	2	1	0	1
L	WPTP	131.094628667	0	1	0	1
LSAAVKNNADnL	WPTP	0	1	1	0	1
LSAAVKNNADnLTAW	WPTP	0	2	1	0	1
	WPTP	0	0	1	1	0
S	WPTP	105.042593096	0	1	1	0
SA	WPTP	176.079706884	0	1	1	0
SAA	WPTP	247.116820672	0	1	1	0
SAAV	WPTP	346.185234588	0	1	1	0
SAAVK	WPTP	474.280197606	0	1	1	0
SAAVKN	WPTP	588.323125053	0	1	1	0
SAAVKNN	WPTP	702.3660525	0	1	1	0
SAAVKNNA	WPTP	773.403166288	0	1	1	0
SAAVKNNAD	WPTP	888.43010932	0	1	1	0
SAAVKNNADn	WPTP	0	0	1	1	0
SAAVKNNADnL	WPTP	0	0	2	1	1
SAAVKNNADnLT	WPTP	0	1	1	1	0
SAAVKNNADnLTA	WPTP	0	1	1	1	0
SAAVKNNADnLTAW	WPTP	0	1	2	1	1
SAAVKNNAMnLTAW	WPTP	0	1	2	1	1
SAAVKNNADnLTAWV	WPTP	0	2	1	1	0
SAAVKNNADnLTAWVA	WPTP	0	2	1	1	0
SAAVKNNADnLTAWVAK	WPTP	0	2	1	1	0
SAAVKNNADnLTAWVAKF	WPTP	0	2	2	1	1
AAVKNNADnL	WPTP	0	0	1	0	1
AAVKNNADnLTAW	WPTP	0	1	1	0	1
AAVKNNADnLTAWVAKF	WPTP	0	2	1	0	1
AVKNNADnL	WPTP	0	0	1	0	1
AVKNNADnLTAW	WPTP	0	1	1	0	1
AVKNNADnLTAWVAKF	WPTP	0	2	1	0	1
VKNNADnL	WPTP	0	0	1	0	1
VKNNADnLTAW	WPTP	0	1	1	0	1
VKNNADnLTAWVAKF	WPTP	0	2	1	0	1
KNNADnL	WPTP	0	0	1	0	1
KNNADnLTAW	WPTP	0	1	1	0	1
KNNADnLTAWVAKF	WPTP	0	2	1	0	1
NNADnL	WPTP	0	0	1	0	1
NNADnLTAW	WPTP	0	1	1	0	1
NNADnLTAWVAKF	WPTP	0	2	1	0	1
NADnL	WPTP	0	0	1	0	1
NADnLTAW	WPTP	0	1	1	0	1
NADnLTAWVAKF	WPTP	0	2	1	0	1
ADnL	WPTP	0	0	1	0	1
ADnLTAW	WPTP	0	1	1	0	1
ADnLTAWVAKF	WPTP	0	2	1	0	1
DnL	WPTP	0	0	1	0	1
DnLTAW	WPTP	0	1	1	0	1
DnLTAWVAKF	WPTP	0	2	1	0	1
nL	WPTP	0	0	1	0	1
nLTAW	WPTP	0	1	1	0	1
nLTAWVAKF	WPTP	0	2	1	0	1
L	WPTP	131.094628667	0	1	0	1
LTAW	WPTP	489.258733882	1	1	0	1
LTAWVAKF	WPTP	934.52763852	2	1	0	1
	WPTP	0	0	1	1	0
T	WPTP	119.05824316	0	1	1	0
TA	WPTP	190.095356948	0	1	1	0
TAW	WPTP	376.174669902	0	2	1	1
TAWV	WPTP	475.243083818	1	1	1	0
TAWVA	WPTP	546.280197606	1	1	1	0
TAWVAK	WPTP	674.375160623	1	1	1	0
TAWVAKF	WPTP	821.44357454	1	2	1	1
TAWVAKFA	WPTP	892.480688327	2	1	1	0
TAWVAKFAQ	WPTP	1020.53926584	2	1	1	0
TAWVAKFAQA	WPTP	1091.57637963	2	1	1	0
TAWVAKFAQAI	WPTP	1204.66044361	2	1	1	0
TAWVAKFAQAIV	WPTP	1303.72885752	2	1	1	0
TAWVAKFAQAIVK	WPTP	1431.82382054	2	1	1	0
TAWVAKFAQAIVKM	WPTP	1562.86430515	2	1	1	0
TAWVAKFAQAIVKMG	WPTP	1619.88576887	2	1	1	0
TAWVAKFAQAIVKMGQ	WPTP	1747.94434638	2	1	1	0
TAWVAKFAQAIVKMGQI	WPTP	1861.02841036	2	1	1	0
TAWVAKFAQAIVKMGQIQ	WPTP	1989.08698787	2	1	1	0
TAWVAKFAQAIVKMGQIQV	WPTP	2088.15540179	2	1	1	0
TAWVAKFAQAIVKMGQIQVL	WPTP	2201.23946577	2	2	1	1
AW	WPTP	275.126991428	0	1	0	1
AWVAKF	WPTP	720.395896066	1	1	0	1
AWVAKFAQAIVKMGQIQVL	WPTP	2100.1917873	2	1	0	1
W	WPTP	204.08987764	0	1	0	1
WVAKF	WPTP	649.358782278	1	1	0	1
WVAKFAQAIVKMGQIQVL	WPTP	2029.15467351	2	1	0	1
	WPTP	0	0	1	1	0
V	WPTP	117.078978603	0	1	1	0
VA	WPTP	188.11609239	0	1	1	0
VAK	WPTP	316.211055408	0	1	1	0
VAKF	WPTP	463.279469324	0	2	1	1
VAKFA	WPTP	534.316583112	1	1	1	0
VAKFAQ	WPTP	662.375160623	1	1	1	0
VAKFAQA	WPTP	733.412274411	1	1	1	0
VAKFAQAI	WPTP	846.496338392	1	1	1	0
VAKFAQAIV	WPTP	945.564752308	1	1	1	0
VAKFAQAIVK	WPTP	1073.65971533	1	1	1	0
VAKFAQAIVKM	WPTP	1204.70019993	1	1	1	0
VAKFAQAIVKMG	WPTP	1261.72166366	1	1	1	0
VAKFAQAIVKMGQ	WPTP	1389.78024117	1	1	1	0
VAKFAQAIVKMGQI	WPTP	1502.86430515	1	1	1	0
VAKFAQAIVKMGQIQ	WPTP	1630.92288266	1	1	1	0
VAKFAQAIVKMGQIQV	WPTP	1729.99129657	1	1	1	0
VAKFAQAIVKMGQIQVL	WPTP	1843.07536056	1	2	1	1
VAKFAQAIVKMGQIQVLT	WPTP	1944.12303903	2	1	1	0
VAKFAQAIVKMGQIQVLTG	WPTP	2001.14450275	2	1	1	0
VAKFAQAIVKMGQIQVLTGT	WPTP	2102.19218123	2	1	1	0
VAKFAQAIVKMGQIQVLTGTQ	WPTP	2230.25075874	2	1	1	0
VAKFAQAIVKMGQIQVLTGTQG	WPTP	2287.27222246	2	1	1	0
VAKFAQAIVKMGQIQVLTGTQGE	WPTP	2416.31481556	2	1	1	0
VAKFAQAIVKMGQIQVLTGTQGEI	WPTP	2529.39887954	2	1	1	0
VAKFAQAIVKMGQIQVLTGTQGEIR	WPTP	2685.49999057	2	1	1	0
VAKFAQAIVKMGQIQVLTGTQGEIRT	WPTP	2786.54766904	2	1	1	0
VAKFAQAIVKMGQIQVLTGTQGEIRTn	WPTP	0	2	1	1	0
VAKFAQAIVKMGQIQVLTGTQGEIRTnC	WPTP	0	2	1	1	0
VAKFAQAIVKMGQIQVLTGTQGEIRTnCS	WPTP	0	2	1	1	0
VAKFAQAIVKMGQIQVLTGTQGEIRTnCSV	WPTP	0	2	1	1	0
VAKFAQAIVKMGQIQVLTGTQGEIRTnCSVV	WPTP	0	2	1	1	0
VAKFAQAIVKMGQIQVLTGTQGEIRTnCSVVN	WPTP	0	2	1	1	0
VAKFAQAIVKMGQIQVLTGTQGEIRTnCSVVNS	WPTP	0	2	1	1	0
VAKFAQAIVKMGQIQVLTGTQGEIRTnCSVVNSA	WPTP	0	2	1	1	0
VAKFAQAIVKMGQIQVLTGTQGEIRTnCSVVNSAS	WPTP	0	2	2	1	1
AKF	WPTP	364.211055408	0	1	0	1
AKFAQAIVKMGQIQVL	WPTP	1744.00694664	1	1	0	1
AKFAQAIVKMGQIQVLTGTQGEIRTnCSVVNSAS	WPTP	0	2	1	0	1
KF	WPTP	293.17394162	0	1	0	1
KFAQAIVKMGQIQVL	WPTP	1672.96983285	1	1	0	1
KFAQAIVKMGQIQVLTGTQGEIRTnCSVVNSAS	WPTP	0	2	1	0	1
F	WPTP	165.078978603	0	1	0	1
FAQAIVKMGQIQVL	WPTP	1544.87486983	1	1	0	1
FAQAIVKMGQIQVLTGTQGEIRTnCSVVNSAS	WPTP	0	2	1	0	1
	WPTP	0	0	1	1	0
A	WPTP	89.0476784741	0	1	1	0
AQ	WPTP	217.106255986	0	1	1	0
AQA	WPTP	288.143369773	0	1	1	0
AQAI	WPTP	401.227433754	0	1	1	0
AQAIV	WPTP	500.29584767	0	1	1	0
AQAIVK	WPTP	628.390810688	0	1	1	0
AQAIVKM	WPTP	759.431295294	0	1	1	0
AQAIVKMG	WPTP	816.452759017	0	1	1	0
AQAIVKMGQ	WPTP	944.511336529	0	1	1	0
AQAIVKMGQI	WPTP	1057.59540051	0	1	1	0
AQAIVKMGQIQ	WPTP	1185.65397802	0	1	1	0
AQAIVKMGQIQV	WPTP	1284.72239194	0	1	1	0
AQAIVKMGQIQVL	WPTP	1397.80645592	0	2	1	1
AQAIVKMGQIQVLT	WPTP	1498.85413439	1	1	1	0
AQAIVKMGQIQVLTG	WPTP	1555.87559811	1	1	1	0
AQAIVKMGQIQVLTGT	WPTP	1656.92327659	1	1	1	0
AQAIVKMGQIQVLTGTQ	WPTP	1784.9818541	1	1	1	0
AQAIVKMGQIQVLTGTQG	WPTP	1842.00331782	1	1	1	0
AQAIVKMGQIQVLTGTQGE	WPTP	1971.04591092	1	1	1	0
AQAIVKMGQIQVLTGTQGEI	WPTP	2084.1299749	1	1	1	0
AQAIVKMGQIQVLTGTQGEIR	WPTP	2240.23108593	1	1	1	0
AQAIVKMGQIQVLTGTQGEIRT	WPTP	2341.2787644	1	1	1	0
AQAIVKMGQIQVLTGTQGEIRTn	WPTP	0	1	1	1	0
AQAIVKMGQIQVLTGTQGEIRTnC	WPTP	0	1	1	1	0
AQAIVKMGQIQVLTGTQGEIRTnCS	WPTP	0	1	1	1	0
AQAIVKMGQIQVLTGTQGEIRTnCSV	WPTP	0	1	1	1	0
AQAIVKMGQIQVLTGTQGEIRTnCSVV	WPTP	0	1	1	1	0
AQAIVKMGQIQVLTGTQGEIRTnCSVVN	WPTP	0	1	1	1	0
AQAIVKMGQIQVLTGTQGEIRTnCSVVNS	WPTP	0	1	1	1	0
AQAIVKMGQIQVLTGTQGEIRTnCSVVNSA	WPTP	0	1	1	1	0
AQAIVKMGQIQVLTGTQGEIRTnCSVVNSAS	WPTP	0	1	2	1	1
QAIVKMGQIQVL	WPTP	1326.76934213	0	1	0	1
QAIVKMGQIQVLTGTQGEIRTnCSVVNSAS	WPTP	0	1	1	0	1
AIVKMGQIQVL	WPTP	1198.71076462	0	1	0	1
AIVKMGQIQVLTGTQGEIRTnCSVVNSAS	WPTP	0	1	1	0	1
IVKMGQIQVL	WPTP	1127.67365083	0	1	0	1
IVKMGQIQVLTGTQGEIRTnCSVVNSAS	WPTP	0	1	1	0	1
VKMGQIQVL	WPTP	1014.58958685	0	1	0	1
VKMGQIQVLTGTQGEIRTnCSVVNSAS	WPTP	0	1	1	0	1
KMGQIQVL	WPTP	915.521172934	0	1	0	1
KMGQIQVLTGTQGEIRTnCSVVNSAS	WPTP	0	1	1	0	1
MGQIQVL	WPTP	787.426209916	0	1	0	1
MGQIQVLTGTQGEIRTnCSVVNSAS	WPTP	0	1	1	0	1
GQIQVL	WPTP	656.38572531	0	1	0	1
GQIQVLTGTQGEIRTnCSVVNSAS	WPTP	0	1	1	0	1
QIQVL	WPTP	599.364261586	0	1	0	1
QIQVLTGTQGEIRTnCSVVNSAS	WPTP	0	1	1	0	1
IQVL	WPTP	471.305684075	0	1	0	1
IQVLTGTQGEIRTnCSVVNSAS	WPTP	0	1	1	0	1
QVL	WPTP	358.221620094	0	1	0	1
QVLTGTQGEIRTnCSVVNSAS	WPTP	0	1	1	0	1
VL	WPTP	230.163042583	0	1	0	1
VLTGTQGEIRTnCSVVNSAS	WPTP	0	1	1	0	1
L	WPTP	131.094628667	0	1	0	1
LTGTQGEIRTnCSVVNSAS	WPTP	0	1	1	0	1
	WPTP	0	0	1	1	0
T	WPTP	119.05824316	0	1	1	0
TG	WPTP	176.079706884	0	1	1	0
TGT	WPTP	277.127385358	0	1	1	0
TGTQ	WPTP	405.18596287	0	1	1	0
TGTQG	WPTP	462.207426593	0	1	1	0
TGTQGE	WPTP	591.250019689	0	1	1	0
TGTQGEI	WPTP	704.33408367	0	1	1	0
TGTQGEIR	WPTP	860.435194698	0	1	1	0
TGTQGEIRT	WPTP	961.482873172	0	1	1	0
TGTQGEIRTn	WPTP	0	0	1	1	0
TGTQGEIRTnC	WPTP	0	0	1	1	0
TGTQGEIRTnCS	WPTP	0	0	1	1	0
TGTQGEIRTnCSV	WPTP	0	0	1	1	0
TGTQGEIRTnCSVV	WPTP	0	0	1	1	0
TGTQGEIRTnCSVVN	WPTP	0	0	1	1	0
TGTQGEIRTnCSVVNS	WPTP	0	0	1	1	0
TGTQGEIRTnCSVVNSA	WPTP	0	0	1	1	0
TGTQGEIRTnCSVVNSAS	WPTP	0	0	2	1	1
GTQGEIRTnCSVVNSAS	WPTP	0	0	1	0	1
TQGEIRTnCSVVNSAS	WPTP	0	0	1	0	1
QGEIRTnCSVVNSAS	WPTP	0	0	1	0	1
GEIRTnCSVVNSAS	WPTP	0	0	1	0	1
EIRTnCSVVNSAS	WPTP	0	0	1	0	1
IRTnCSVVNSAS	WPTP	0	0	1	0	1
RTnCSVVNSAS	WPTP	0	0	1	0	1
TnCSVVNSAS	WPTP	0	0	1	0	1
nCSVVNSAS	WPTP	0	0	1	0	1
CSVVNSAS	WPTP	765.332703461	0	1	0	1
SVVNSAS	WPTP	662.323518983	0	1	0	1
VVNSAS	WPTP	575.291490574	0	1	0	1
VNSAS	WPTP	476.223076657	0	1	0	1
NSAS	WPTP	377.154662741	0	1	0	1
SAS	WPTP	263.111735294	0	1	0	1
AS	WPTP	176.079706884	0	1	0	1
S	WPTP	105.042593096	0	1	0	1
	WPTP	0	0	1	1	0
